rho_usd_per_decision,c_fixed_usd_per_year,n_star_decisions_per_year
0.005,1000.0,200240.29
0.005,2000.0,400480.58
0.005,3000.0,600720.87
0.005,4000.0,800961.15
0.005,5000.0,1001201.44
0.005,6000.0,1201441.73
0.005,7000.0,1401682.02
0.005,8000.0,1601922.31
0.005,9000.0,1802162.60
0.005,10000.0,2002402.88
0.005,11000.0,2202643.17
0.005,12000.0,2402883.46
0.005,13000.0,2603123.75
0.005,14000.0,2803364.04
0.005,15000.0,3003604.33
0.005,16000.0,3203844.61
0.005,17000.0,3404084.90
0.005,18000.0,3604325.19
0.005,19000.0,3804565.48
0.005,20000.0,4004805.77
0.005,21000.0,4205046.06
0.005,22000.0,4405286.34
0.005,23000.0,4605526.63
0.005,24000.0,4805766.92
0.005,25000.0,5006007.21
0.005,26000.0,5206247.50
0.005,27000.0,5406487.79
0.005,28000.0,5606728.07
0.005,29000.0,5806968.36
0.005,30000.0,6007208.65
0.005,31000.0,6207448.94
0.005,32000.0,6407689.23
0.005,33000.0,6607929.52
0.005,34000.0,6808169.80
0.005,35000.0,7008410.09
0.005,36000.0,7208650.38
0.005,37000.0,7408890.67
0.005,38000.0,7609130.96
0.005,39000.0,7809371.25
0.005,40000.0,8009611.53
0.005,41000.0,8209851.82
0.005,42000.0,8410092.11
0.005,43000.0,8610332.40
0.005,44000.0,8810572.69
0.005,45000.0,9010812.98
0.005,46000.0,9211053.26
0.005,47000.0,9411293.55
0.005,48000.0,9611533.84
0.005,49000.0,9811774.13
0.005,50000.0,10012014.42
0.005918367346938775,1000.0,169136.99
0.005918367346938775,2000.0,338273.97
0.005918367346938775,3000.0,507410.96
0.005918367346938775,4000.0,676547.95
0.005918367346938775,5000.0,845684.94
0.005918367346938775,6000.0,1014821.92
0.005918367346938775,7000.0,1183958.91
0.005918367346938775,8000.0,1353095.90
0.005918367346938775,9000.0,1522232.88
0.005918367346938775,10000.0,1691369.87
0.005918367346938775,11000.0,1860506.86
0.005918367346938775,12000.0,2029643.85
0.005918367346938775,13000.0,2198780.83
0.005918367346938775,14000.0,2367917.82
0.005918367346938775,15000.0,2537054.81
0.005918367346938775,16000.0,2706191.79
0.005918367346938775,17000.0,2875328.78
0.005918367346938775,18000.0,3044465.77
0.005918367346938775,19000.0,3213602.76
0.005918367346938775,20000.0,3382739.74
0.005918367346938775,21000.0,3551876.73
0.005918367346938775,22000.0,3721013.72
0.005918367346938775,23000.0,3890150.70
0.005918367346938775,24000.0,4059287.69
0.005918367346938775,25000.0,4228424.68
0.005918367346938775,26000.0,4397561.67
0.005918367346938775,27000.0,4566698.65
0.005918367346938775,28000.0,4735835.64
0.005918367346938775,29000.0,4904972.63
0.005918367346938775,30000.0,5074109.61
0.005918367346938775,31000.0,5243246.60
0.005918367346938775,32000.0,5412383.59
0.005918367346938775,33000.0,5581520.58
0.005918367346938775,34000.0,5750657.56
0.005918367346938775,35000.0,5919794.55
0.005918367346938775,36000.0,6088931.54
0.005918367346938775,37000.0,6258068.52
0.005918367346938775,38000.0,6427205.51
0.005918367346938775,39000.0,6596342.50
0.005918367346938775,40000.0,6765479.49
0.005918367346938775,41000.0,6934616.47
0.005918367346938775,42000.0,7103753.46
0.005918367346938775,43000.0,7272890.45
0.005918367346938775,44000.0,7442027.43
0.005918367346938775,45000.0,7611164.42
0.005918367346938775,46000.0,7780301.41
0.005918367346938775,47000.0,7949438.40
0.005918367346938775,48000.0,8118575.38
0.005918367346938775,49000.0,8287712.37
0.005918367346938775,50000.0,8456849.36
0.0068367346938775515,1000.0,146397.14
0.0068367346938775515,2000.0,292794.27
0.0068367346938775515,3000.0,439191.41
0.0068367346938775515,4000.0,585588.55
0.0068367346938775515,5000.0,731985.68
0.0068367346938775515,6000.0,878382.82
0.0068367346938775515,7000.0,1024779.96
0.0068367346938775515,8000.0,1171177.09
0.0068367346938775515,9000.0,1317574.23
0.0068367346938775515,10000.0,1463971.37
0.0068367346938775515,11000.0,1610368.50
0.0068367346938775515,12000.0,1756765.64
0.0068367346938775515,13000.0,1903162.78
0.0068367346938775515,14000.0,2049559.91
0.0068367346938775515,15000.0,2195957.05
0.0068367346938775515,16000.0,2342354.19
0.0068367346938775515,17000.0,2488751.32
0.0068367346938775515,18000.0,2635148.46
0.0068367346938775515,19000.0,2781545.60
0.0068367346938775515,20000.0,2927942.73
0.0068367346938775515,21000.0,3074339.87
0.0068367346938775515,22000.0,3220737.01
0.0068367346938775515,23000.0,3367134.14
0.0068367346938775515,24000.0,3513531.28
0.0068367346938775515,25000.0,3659928.41
0.0068367346938775515,26000.0,3806325.55
0.0068367346938775515,27000.0,3952722.69
0.0068367346938775515,28000.0,4099119.82
0.0068367346938775515,29000.0,4245516.96
0.0068367346938775515,30000.0,4391914.10
0.0068367346938775515,31000.0,4538311.23
0.0068367346938775515,32000.0,4684708.37
0.0068367346938775515,33000.0,4831105.51
0.0068367346938775515,34000.0,4977502.64
0.0068367346938775515,35000.0,5123899.78
0.0068367346938775515,36000.0,5270296.92
0.0068367346938775515,37000.0,5416694.05
0.0068367346938775515,38000.0,5563091.19
0.0068367346938775515,39000.0,5709488.33
0.0068367346938775515,40000.0,5855885.46
0.0068367346938775515,41000.0,6002282.60
0.0068367346938775515,42000.0,6148679.74
0.0068367346938775515,43000.0,6295076.87
0.0068367346938775515,44000.0,6441474.01
0.0068367346938775515,45000.0,6587871.15
0.0068367346938775515,46000.0,6734268.28
0.0068367346938775515,47000.0,6880665.42
0.0068367346938775515,48000.0,7027062.56
0.0068367346938775515,49000.0,7173459.69
0.0068367346938775515,50000.0,7319856.83
0.007755102040816327,1000.0,129047.21
0.007755102040816327,2000.0,258094.42
0.007755102040816327,3000.0,387141.63
0.007755102040816327,4000.0,516188.84
0.007755102040816327,5000.0,645236.05
0.007755102040816327,6000.0,774283.26
0.007755102040816327,7000.0,903330.47
0.007755102040816327,8000.0,1032377.68
0.007755102040816327,9000.0,1161424.89
0.007755102040816327,10000.0,1290472.10
0.007755102040816327,11000.0,1419519.31
0.007755102040816327,12000.0,1548566.52
0.007755102040816327,13000.0,1677613.73
0.007755102040816327,14000.0,1806660.94
0.007755102040816327,15000.0,1935708.15
0.007755102040816327,16000.0,2064755.36
0.007755102040816327,17000.0,2193802.57
0.007755102040816327,18000.0,2322849.78
0.007755102040816327,19000.0,2451896.99
0.007755102040816327,20000.0,2580944.20
0.007755102040816327,21000.0,2709991.41
0.007755102040816327,22000.0,2839038.62
0.007755102040816327,23000.0,2968085.83
0.007755102040816327,24000.0,3097133.05
0.007755102040816327,25000.0,3226180.26
0.007755102040816327,26000.0,3355227.47
0.007755102040816327,27000.0,3484274.68
0.007755102040816327,28000.0,3613321.89
0.007755102040816327,29000.0,3742369.10
0.007755102040816327,30000.0,3871416.31
0.007755102040816327,31000.0,4000463.52
0.007755102040816327,32000.0,4129510.73
0.007755102040816327,33000.0,4258557.94
0.007755102040816327,34000.0,4387605.15
0.007755102040816327,35000.0,4516652.36
0.007755102040816327,36000.0,4645699.57
0.007755102040816327,37000.0,4774746.78
0.007755102040816327,38000.0,4903793.99
0.007755102040816327,39000.0,5032841.20
0.007755102040816327,40000.0,5161888.41
0.007755102040816327,41000.0,5290935.62
0.007755102040816327,42000.0,5419982.83
0.007755102040816327,43000.0,5549030.04
0.007755102040816327,44000.0,5678077.25
0.007755102040816327,45000.0,5807124.46
0.007755102040816327,46000.0,5936171.67
0.007755102040816327,47000.0,6065218.88
0.007755102040816327,48000.0,6194266.09
0.007755102040816327,49000.0,6323313.30
0.007755102040816327,50000.0,6452360.51
0.008673469387755102,1000.0,115373.93
0.008673469387755102,2000.0,230747.86
0.008673469387755102,3000.0,346121.79
0.008673469387755102,4000.0,461495.72
0.008673469387755102,5000.0,576869.65
0.008673469387755102,6000.0,692243.58
0.008673469387755102,7000.0,807617.50
0.008673469387755102,8000.0,922991.43
0.008673469387755102,9000.0,1038365.36
0.008673469387755102,10000.0,1153739.29
0.008673469387755102,11000.0,1269113.22
0.008673469387755102,12000.0,1384487.15
0.008673469387755102,13000.0,1499861.08
0.008673469387755102,14000.0,1615235.01
0.008673469387755102,15000.0,1730608.94
0.008673469387755102,16000.0,1845982.87
0.008673469387755102,17000.0,1961356.80
0.008673469387755102,18000.0,2076730.73
0.008673469387755102,19000.0,2192104.66
0.008673469387755102,20000.0,2307478.59
0.008673469387755102,21000.0,2422852.51
0.008673469387755102,22000.0,2538226.44
0.008673469387755102,23000.0,2653600.37
0.008673469387755102,24000.0,2768974.30
0.008673469387755102,25000.0,2884348.23
0.008673469387755102,26000.0,2999722.16
0.008673469387755102,27000.0,3115096.09
0.008673469387755102,28000.0,3230470.02
0.008673469387755102,29000.0,3345843.95
0.008673469387755102,30000.0,3461217.88
0.008673469387755102,31000.0,3576591.81
0.008673469387755102,32000.0,3691965.74
0.008673469387755102,33000.0,3807339.67
0.008673469387755102,34000.0,3922713.59
0.008673469387755102,35000.0,4038087.52
0.008673469387755102,36000.0,4153461.45
0.008673469387755102,37000.0,4268835.38
0.008673469387755102,38000.0,4384209.31
0.008673469387755102,39000.0,4499583.24
0.008673469387755102,40000.0,4614957.17
0.008673469387755102,41000.0,4730331.10
0.008673469387755102,42000.0,4845705.03
0.008673469387755102,43000.0,4961078.96
0.008673469387755102,44000.0,5076452.89
0.008673469387755102,45000.0,5191826.82
0.008673469387755102,46000.0,5307200.75
0.008673469387755102,47000.0,5422574.68
0.008673469387755102,48000.0,5537948.60
0.008673469387755102,49000.0,5653322.53
0.008673469387755102,50000.0,5768696.46
0.009591836734693878,1000.0,104320.57
0.009591836734693878,2000.0,208641.15
0.009591836734693878,3000.0,312961.72
0.009591836734693878,4000.0,417282.30
0.009591836734693878,5000.0,521602.87
0.009591836734693878,6000.0,625923.45
0.009591836734693878,7000.0,730244.02
0.009591836734693878,8000.0,834564.60
0.009591836734693878,9000.0,938885.17
0.009591836734693878,10000.0,1043205.75
0.009591836734693878,11000.0,1147526.32
0.009591836734693878,12000.0,1251846.90
0.009591836734693878,13000.0,1356167.47
0.009591836734693878,14000.0,1460488.05
0.009591836734693878,15000.0,1564808.62
0.009591836734693878,16000.0,1669129.20
0.009591836734693878,17000.0,1773449.77
0.009591836734693878,18000.0,1877770.35
0.009591836734693878,19000.0,1982090.92
0.009591836734693878,20000.0,2086411.50
0.009591836734693878,21000.0,2190732.07
0.009591836734693878,22000.0,2295052.65
0.009591836734693878,23000.0,2399373.22
0.009591836734693878,24000.0,2503693.80
0.009591836734693878,25000.0,2608014.37
0.009591836734693878,26000.0,2712334.95
0.009591836734693878,27000.0,2816655.52
0.009591836734693878,28000.0,2920976.10
0.009591836734693878,29000.0,3025296.67
0.009591836734693878,30000.0,3129617.25
0.009591836734693878,31000.0,3233937.82
0.009591836734693878,32000.0,3338258.40
0.009591836734693878,33000.0,3442578.97
0.009591836734693878,34000.0,3546899.55
0.009591836734693878,35000.0,3651220.12
0.009591836734693878,36000.0,3755540.70
0.009591836734693878,37000.0,3859861.27
0.009591836734693878,38000.0,3964181.85
0.009591836734693878,39000.0,4068502.42
0.009591836734693878,40000.0,4172823.00
0.009591836734693878,41000.0,4277143.57
0.009591836734693878,42000.0,4381464.15
0.009591836734693878,43000.0,4485784.72
0.009591836734693878,44000.0,4590105.30
0.009591836734693878,45000.0,4694425.87
0.009591836734693878,46000.0,4798746.45
0.009591836734693878,47000.0,4903067.02
0.009591836734693878,48000.0,5007387.60
0.009591836734693878,49000.0,5111708.17
0.009591836734693878,50000.0,5216028.75
0.010510204081632654,1000.0,95199.98
0.010510204081632654,2000.0,190399.96
0.010510204081632654,3000.0,285599.93
0.010510204081632654,4000.0,380799.91
0.010510204081632654,5000.0,475999.89
0.010510204081632654,6000.0,571199.87
0.010510204081632654,7000.0,666399.85
0.010510204081632654,8000.0,761599.83
0.010510204081632654,9000.0,856799.80
0.010510204081632654,10000.0,951999.78
0.010510204081632654,11000.0,1047199.76
0.010510204081632654,12000.0,1142399.74
0.010510204081632654,13000.0,1237599.72
0.010510204081632654,14000.0,1332799.70
0.010510204081632654,15000.0,1427999.67
0.010510204081632654,16000.0,1523199.65
0.010510204081632654,17000.0,1618399.63
0.010510204081632654,18000.0,1713599.61
0.010510204081632654,19000.0,1808799.59
0.010510204081632654,20000.0,1903999.56
0.010510204081632654,21000.0,1999199.54
0.010510204081632654,22000.0,2094399.52
0.010510204081632654,23000.0,2189599.50
0.010510204081632654,24000.0,2284799.48
0.010510204081632654,25000.0,2379999.46
0.010510204081632654,26000.0,2475199.43
0.010510204081632654,27000.0,2570399.41
0.010510204081632654,28000.0,2665599.39
0.010510204081632654,29000.0,2760799.37
0.010510204081632654,30000.0,2855999.35
0.010510204081632654,31000.0,2951199.33
0.010510204081632654,32000.0,3046399.30
0.010510204081632654,33000.0,3141599.28
0.010510204081632654,34000.0,3236799.26
0.010510204081632654,35000.0,3331999.24
0.010510204081632654,36000.0,3427199.22
0.010510204081632654,37000.0,3522399.19
0.010510204081632654,38000.0,3617599.17
0.010510204081632654,39000.0,3712799.15
0.010510204081632654,40000.0,3807999.13
0.010510204081632654,41000.0,3903199.11
0.010510204081632654,42000.0,3998399.09
0.010510204081632654,43000.0,4093599.06
0.010510204081632654,44000.0,4188799.04
0.010510204081632654,45000.0,4283999.02
0.010510204081632654,46000.0,4379199.00
0.010510204081632654,47000.0,4474398.98
0.010510204081632654,48000.0,4569598.96
0.010510204081632654,49000.0,4664798.93
0.010510204081632654,50000.0,4759998.91
0.01142857142857143,1000.0,87545.96
0.01142857142857143,2000.0,175091.92
0.01142857142857143,3000.0,262637.88
0.01142857142857143,4000.0,350183.85
0.01142857142857143,5000.0,437729.81
0.01142857142857143,6000.0,525275.77
0.01142857142857143,7000.0,612821.73
0.01142857142857143,8000.0,700367.69
0.01142857142857143,9000.0,787913.65
0.01142857142857143,10000.0,875459.62
0.01142857142857143,11000.0,963005.58
0.01142857142857143,12000.0,1050551.54
0.01142857142857143,13000.0,1138097.50
0.01142857142857143,14000.0,1225643.46
0.01142857142857143,15000.0,1313189.42
0.01142857142857143,16000.0,1400735.39
0.01142857142857143,17000.0,1488281.35
0.01142857142857143,18000.0,1575827.31
0.01142857142857143,19000.0,1663373.27
0.01142857142857143,20000.0,1750919.23
0.01142857142857143,21000.0,1838465.19
0.01142857142857143,22000.0,1926011.16
0.01142857142857143,23000.0,2013557.12
0.01142857142857143,24000.0,2101103.08
0.01142857142857143,25000.0,2188649.04
0.01142857142857143,26000.0,2276195.00
0.01142857142857143,27000.0,2363740.96
0.01142857142857143,28000.0,2451286.93
0.01142857142857143,29000.0,2538832.89
0.01142857142857143,30000.0,2626378.85
0.01142857142857143,31000.0,2713924.81
0.01142857142857143,32000.0,2801470.77
0.01142857142857143,33000.0,2889016.73
0.01142857142857143,34000.0,2976562.70
0.01142857142857143,35000.0,3064108.66
0.01142857142857143,36000.0,3151654.62
0.01142857142857143,37000.0,3239200.58
0.01142857142857143,38000.0,3326746.54
0.01142857142857143,39000.0,3414292.50
0.01142857142857143,40000.0,3501838.47
0.01142857142857143,41000.0,3589384.43
0.01142857142857143,42000.0,3676930.39
0.01142857142857143,43000.0,3764476.35
0.01142857142857143,44000.0,3852022.31
0.01142857142857143,45000.0,3939568.27
0.01142857142857143,46000.0,4027114.23
0.01142857142857143,47000.0,4114660.20
0.01142857142857143,48000.0,4202206.16
0.01142857142857143,49000.0,4289752.12
0.01142857142857143,50000.0,4377298.08
0.012346938775510205,1000.0,81031.11
0.012346938775510205,2000.0,162062.23
0.012346938775510205,3000.0,243093.34
0.012346938775510205,4000.0,324124.45
0.012346938775510205,5000.0,405155.56
0.012346938775510205,6000.0,486186.68
0.012346938775510205,7000.0,567217.79
0.012346938775510205,8000.0,648248.90
0.012346938775510205,9000.0,729280.01
0.012346938775510205,10000.0,810311.13
0.012346938775510205,11000.0,891342.24
0.012346938775510205,12000.0,972373.35
0.012346938775510205,13000.0,1053404.46
0.012346938775510205,14000.0,1134435.58
0.012346938775510205,15000.0,1215466.69
0.012346938775510205,16000.0,1296497.80
0.012346938775510205,17000.0,1377528.91
0.012346938775510205,18000.0,1458560.03
0.012346938775510205,19000.0,1539591.14
0.012346938775510205,20000.0,1620622.25
0.012346938775510205,21000.0,1701653.37
0.012346938775510205,22000.0,1782684.48
0.012346938775510205,23000.0,1863715.59
0.012346938775510205,24000.0,1944746.70
0.012346938775510205,25000.0,2025777.82
0.012346938775510205,26000.0,2106808.93
0.012346938775510205,27000.0,2187840.04
0.012346938775510205,28000.0,2268871.15
0.012346938775510205,29000.0,2349902.27
0.012346938775510205,30000.0,2430933.38
0.012346938775510205,31000.0,2511964.49
0.012346938775510205,32000.0,2592995.60
0.012346938775510205,33000.0,2674026.72
0.012346938775510205,34000.0,2755057.83
0.012346938775510205,35000.0,2836088.94
0.012346938775510205,36000.0,2917120.06
0.012346938775510205,37000.0,2998151.17
0.012346938775510205,38000.0,3079182.28
0.012346938775510205,39000.0,3160213.39
0.012346938775510205,40000.0,3241244.51
0.012346938775510205,41000.0,3322275.62
0.012346938775510205,42000.0,3403306.73
0.012346938775510205,43000.0,3484337.84
0.012346938775510205,44000.0,3565368.96
0.012346938775510205,45000.0,3646400.07
0.012346938775510205,46000.0,3727431.18
0.012346938775510205,47000.0,3808462.29
0.012346938775510205,48000.0,3889493.41
0.012346938775510205,49000.0,3970524.52
0.012346938775510205,50000.0,4051555.63
0.013265306122448979,1000.0,75418.73
0.013265306122448979,2000.0,150837.46
0.013265306122448979,3000.0,226256.18
0.013265306122448979,4000.0,301674.91
0.013265306122448979,5000.0,377093.64
0.013265306122448979,6000.0,452512.37
0.013265306122448979,7000.0,527931.09
0.013265306122448979,8000.0,603349.82
0.013265306122448979,9000.0,678768.55
0.013265306122448979,10000.0,754187.28
0.013265306122448979,11000.0,829606.01
0.013265306122448979,12000.0,905024.73
0.013265306122448979,13000.0,980443.46
0.013265306122448979,14000.0,1055862.19
0.013265306122448979,15000.0,1131280.92
0.013265306122448979,16000.0,1206699.65
0.013265306122448979,17000.0,1282118.37
0.013265306122448979,18000.0,1357537.10
0.013265306122448979,19000.0,1432955.83
0.013265306122448979,20000.0,1508374.56
0.013265306122448979,21000.0,1583793.28
0.013265306122448979,22000.0,1659212.01
0.013265306122448979,23000.0,1734630.74
0.013265306122448979,24000.0,1810049.47
0.013265306122448979,25000.0,1885468.20
0.013265306122448979,26000.0,1960886.92
0.013265306122448979,27000.0,2036305.65
0.013265306122448979,28000.0,2111724.38
0.013265306122448979,29000.0,2187143.11
0.013265306122448979,30000.0,2262561.84
0.013265306122448979,31000.0,2337980.56
0.013265306122448979,32000.0,2413399.29
0.013265306122448979,33000.0,2488818.02
0.013265306122448979,34000.0,2564236.75
0.013265306122448979,35000.0,2639655.47
0.013265306122448979,36000.0,2715074.20
0.013265306122448979,37000.0,2790492.93
0.013265306122448979,38000.0,2865911.66
0.013265306122448979,39000.0,2941330.39
0.013265306122448979,40000.0,3016749.11
0.013265306122448979,41000.0,3092167.84
0.013265306122448979,42000.0,3167586.57
0.013265306122448979,43000.0,3243005.30
0.013265306122448979,44000.0,3318424.03
0.013265306122448979,45000.0,3393842.75
0.013265306122448979,46000.0,3469261.48
0.013265306122448979,47000.0,3544680.21
0.013265306122448979,48000.0,3620098.94
0.013265306122448979,49000.0,3695517.66
0.013265306122448979,50000.0,3770936.39
0.014183673469387755,1000.0,70533.43
0.014183673469387755,2000.0,141066.87
0.014183673469387755,3000.0,211600.30
0.014183673469387755,4000.0,282133.74
0.014183673469387755,5000.0,352667.17
0.014183673469387755,6000.0,423200.61
0.014183673469387755,7000.0,493734.04
0.014183673469387755,8000.0,564267.47
0.014183673469387755,9000.0,634800.91
0.014183673469387755,10000.0,705334.34
0.014183673469387755,11000.0,775867.78
0.014183673469387755,12000.0,846401.21
0.014183673469387755,13000.0,916934.65
0.014183673469387755,14000.0,987468.08
0.014183673469387755,15000.0,1058001.51
0.014183673469387755,16000.0,1128534.95
0.014183673469387755,17000.0,1199068.38
0.014183673469387755,18000.0,1269601.82
0.014183673469387755,19000.0,1340135.25
0.014183673469387755,20000.0,1410668.69
0.014183673469387755,21000.0,1481202.12
0.014183673469387755,22000.0,1551735.55
0.014183673469387755,23000.0,1622268.99
0.014183673469387755,24000.0,1692802.42
0.014183673469387755,25000.0,1763335.86
0.014183673469387755,26000.0,1833869.29
0.014183673469387755,27000.0,1904402.73
0.014183673469387755,28000.0,1974936.16
0.014183673469387755,29000.0,2045469.59
0.014183673469387755,30000.0,2116003.03
0.014183673469387755,31000.0,2186536.46
0.014183673469387755,32000.0,2257069.90
0.014183673469387755,33000.0,2327603.33
0.014183673469387755,34000.0,2398136.77
0.014183673469387755,35000.0,2468670.20
0.014183673469387755,36000.0,2539203.63
0.014183673469387755,37000.0,2609737.07
0.014183673469387755,38000.0,2680270.50
0.014183673469387755,39000.0,2750803.94
0.014183673469387755,40000.0,2821337.37
0.014183673469387755,41000.0,2891870.81
0.014183673469387755,42000.0,2962404.24
0.014183673469387755,43000.0,3032937.67
0.014183673469387755,44000.0,3103471.11
0.014183673469387755,45000.0,3174004.54
0.014183673469387755,46000.0,3244537.98
0.014183673469387755,47000.0,3315071.41
0.014183673469387755,48000.0,3385604.85
0.014183673469387755,49000.0,3456138.28
0.014183673469387755,50000.0,3526671.71
0.015102040816326531,1000.0,66242.53
0.015102040816326531,2000.0,132485.07
0.015102040816326531,3000.0,198727.60
0.015102040816326531,4000.0,264970.14
0.015102040816326531,5000.0,331212.67
0.015102040816326531,6000.0,397455.21
0.015102040816326531,7000.0,463697.74
0.015102040816326531,8000.0,529940.27
0.015102040816326531,9000.0,596182.81
0.015102040816326531,10000.0,662425.34
0.015102040816326531,11000.0,728667.88
0.015102040816326531,12000.0,794910.41
0.015102040816326531,13000.0,861152.94
0.015102040816326531,14000.0,927395.48
0.015102040816326531,15000.0,993638.01
0.015102040816326531,16000.0,1059880.55
0.015102040816326531,17000.0,1126123.08
0.015102040816326531,18000.0,1192365.62
0.015102040816326531,19000.0,1258608.15
0.015102040816326531,20000.0,1324850.68
0.015102040816326531,21000.0,1391093.22
0.015102040816326531,22000.0,1457335.75
0.015102040816326531,23000.0,1523578.29
0.015102040816326531,24000.0,1589820.82
0.015102040816326531,25000.0,1656063.35
0.015102040816326531,26000.0,1722305.89
0.015102040816326531,27000.0,1788548.42
0.015102040816326531,28000.0,1854790.96
0.015102040816326531,29000.0,1921033.49
0.015102040816326531,30000.0,1987276.03
0.015102040816326531,31000.0,2053518.56
0.015102040816326531,32000.0,2119761.09
0.015102040816326531,33000.0,2186003.63
0.015102040816326531,34000.0,2252246.16
0.015102040816326531,35000.0,2318488.70
0.015102040816326531,36000.0,2384731.23
0.015102040816326531,37000.0,2450973.77
0.015102040816326531,38000.0,2517216.30
0.015102040816326531,39000.0,2583458.83
0.015102040816326531,40000.0,2649701.37
0.015102040816326531,41000.0,2715943.90
0.015102040816326531,42000.0,2782186.44
0.015102040816326531,43000.0,2848428.97
0.015102040816326531,44000.0,2914671.50
0.015102040816326531,45000.0,2980914.04
0.015102040816326531,46000.0,3047156.57
0.015102040816326531,47000.0,3113399.11
0.015102040816326531,48000.0,3179641.64
0.015102040816326531,49000.0,3245884.18
0.015102040816326531,50000.0,3312126.71
0.016020408163265307,1000.0,62443.77
0.016020408163265307,2000.0,124887.54
0.016020408163265307,3000.0,187331.31
0.016020408163265307,4000.0,249775.07
0.016020408163265307,5000.0,312218.84
0.016020408163265307,6000.0,374662.61
0.016020408163265307,7000.0,437106.38
0.016020408163265307,8000.0,499550.15
0.016020408163265307,9000.0,561993.92
0.016020408163265307,10000.0,624437.69
0.016020408163265307,11000.0,686881.46
0.016020408163265307,12000.0,749325.22
0.016020408163265307,13000.0,811768.99
0.016020408163265307,14000.0,874212.76
0.016020408163265307,15000.0,936656.53
0.016020408163265307,16000.0,999100.30
0.016020408163265307,17000.0,1061544.07
0.016020408163265307,18000.0,1123987.84
0.016020408163265307,19000.0,1186431.61
0.016020408163265307,20000.0,1248875.37
0.016020408163265307,21000.0,1311319.14
0.016020408163265307,22000.0,1373762.91
0.016020408163265307,23000.0,1436206.68
0.016020408163265307,24000.0,1498650.45
0.016020408163265307,25000.0,1561094.22
0.016020408163265307,26000.0,1623537.99
0.016020408163265307,27000.0,1685981.76
0.016020408163265307,28000.0,1748425.52
0.016020408163265307,29000.0,1810869.29
0.016020408163265307,30000.0,1873313.06
0.016020408163265307,31000.0,1935756.83
0.016020408163265307,32000.0,1998200.60
0.016020408163265307,33000.0,2060644.37
0.016020408163265307,34000.0,2123088.14
0.016020408163265307,35000.0,2185531.91
0.016020408163265307,36000.0,2247975.67
0.016020408163265307,37000.0,2310419.44
0.016020408163265307,38000.0,2372863.21
0.016020408163265307,39000.0,2435306.98
0.016020408163265307,40000.0,2497750.75
0.016020408163265307,41000.0,2560194.52
0.016020408163265307,42000.0,2622638.29
0.016020408163265307,43000.0,2685082.06
0.016020408163265307,44000.0,2747525.82
0.016020408163265307,45000.0,2809969.59
0.016020408163265307,46000.0,2872413.36
0.016020408163265307,47000.0,2934857.13
0.016020408163265307,48000.0,2997300.90
0.016020408163265307,49000.0,3059744.67
0.016020408163265307,50000.0,3122188.44
0.016938775510204084,1000.0,59057.06
0.016938775510204084,2000.0,118114.13
0.016938775510204084,3000.0,177171.19
0.016938775510204084,4000.0,236228.25
0.016938775510204084,5000.0,295285.32
0.016938775510204084,6000.0,354342.38
0.016938775510204084,7000.0,413399.45
0.016938775510204084,8000.0,472456.51
0.016938775510204084,9000.0,531513.57
0.016938775510204084,10000.0,590570.64
0.016938775510204084,11000.0,649627.70
0.016938775510204084,12000.0,708684.76
0.016938775510204084,13000.0,767741.83
0.016938775510204084,14000.0,826798.89
0.016938775510204084,15000.0,885855.95
0.016938775510204084,16000.0,944913.02
0.016938775510204084,17000.0,1003970.08
0.016938775510204084,18000.0,1063027.14
0.016938775510204084,19000.0,1122084.21
0.016938775510204084,20000.0,1181141.27
0.016938775510204084,21000.0,1240198.34
0.016938775510204084,22000.0,1299255.40
0.016938775510204084,23000.0,1358312.46
0.016938775510204084,24000.0,1417369.53
0.016938775510204084,25000.0,1476426.59
0.016938775510204084,26000.0,1535483.65
0.016938775510204084,27000.0,1594540.72
0.016938775510204084,28000.0,1653597.78
0.016938775510204084,29000.0,1712654.84
0.016938775510204084,30000.0,1771711.91
0.016938775510204084,31000.0,1830768.97
0.016938775510204084,32000.0,1889826.03
0.016938775510204084,33000.0,1948883.10
0.016938775510204084,34000.0,2007940.16
0.016938775510204084,35000.0,2066997.23
0.016938775510204084,36000.0,2126054.29
0.016938775510204084,37000.0,2185111.35
0.016938775510204084,38000.0,2244168.42
0.016938775510204084,39000.0,2303225.48
0.016938775510204084,40000.0,2362282.54
0.016938775510204084,41000.0,2421339.61
0.016938775510204084,42000.0,2480396.67
0.016938775510204084,43000.0,2539453.73
0.016938775510204084,44000.0,2598510.80
0.016938775510204084,45000.0,2657567.86
0.016938775510204084,46000.0,2716624.92
0.016938775510204084,47000.0,2775681.99
0.016938775510204084,48000.0,2834739.05
0.016938775510204084,49000.0,2893796.12
0.016938775510204084,50000.0,2952853.18
0.01785714285714286,1000.0,56018.82
0.01785714285714286,2000.0,112037.64
0.01785714285714286,3000.0,168056.47
0.01785714285714286,4000.0,224075.29
0.01785714285714286,5000.0,280094.11
0.01785714285714286,6000.0,336112.93
0.01785714285714286,7000.0,392131.76
0.01785714285714286,8000.0,448150.58
0.01785714285714286,9000.0,504169.40
0.01785714285714286,10000.0,560188.22
0.01785714285714286,11000.0,616207.05
0.01785714285714286,12000.0,672225.87
0.01785714285714286,13000.0,728244.69
0.01785714285714286,14000.0,784263.51
0.01785714285714286,15000.0,840282.33
0.01785714285714286,16000.0,896301.16
0.01785714285714286,17000.0,952319.98
0.01785714285714286,18000.0,1008338.80
0.01785714285714286,19000.0,1064357.62
0.01785714285714286,20000.0,1120376.45
0.01785714285714286,21000.0,1176395.27
0.01785714285714286,22000.0,1232414.09
0.01785714285714286,23000.0,1288432.91
0.01785714285714286,24000.0,1344451.74
0.01785714285714286,25000.0,1400470.56
0.01785714285714286,26000.0,1456489.38
0.01785714285714286,27000.0,1512508.20
0.01785714285714286,28000.0,1568527.03
0.01785714285714286,29000.0,1624545.85
0.01785714285714286,30000.0,1680564.67
0.01785714285714286,31000.0,1736583.49
0.01785714285714286,32000.0,1792602.31
0.01785714285714286,33000.0,1848621.14
0.01785714285714286,34000.0,1904639.96
0.01785714285714286,35000.0,1960658.78
0.01785714285714286,36000.0,2016677.60
0.01785714285714286,37000.0,2072696.43
0.01785714285714286,38000.0,2128715.25
0.01785714285714286,39000.0,2184734.07
0.01785714285714286,40000.0,2240752.89
0.01785714285714286,41000.0,2296771.72
0.01785714285714286,42000.0,2352790.54
0.01785714285714286,43000.0,2408809.36
0.01785714285714286,44000.0,2464828.18
0.01785714285714286,45000.0,2520847.00
0.01785714285714286,46000.0,2576865.83
0.01785714285714286,47000.0,2632884.65
0.01785714285714286,48000.0,2688903.47
0.01785714285714286,49000.0,2744922.29
0.01785714285714286,50000.0,2800941.12
0.018775510204081632,1000.0,53277.90
0.018775510204081632,2000.0,106555.79
0.018775510204081632,3000.0,159833.69
0.018775510204081632,4000.0,213111.58
0.018775510204081632,5000.0,266389.48
0.018775510204081632,6000.0,319667.37
0.018775510204081632,7000.0,372945.27
0.018775510204081632,8000.0,426223.16
0.018775510204081632,9000.0,479501.06
0.018775510204081632,10000.0,532778.95
0.018775510204081632,11000.0,586056.85
0.018775510204081632,12000.0,639334.74
0.018775510204081632,13000.0,692612.64
0.018775510204081632,14000.0,745890.53
0.018775510204081632,15000.0,799168.43
0.018775510204081632,16000.0,852446.33
0.018775510204081632,17000.0,905724.22
0.018775510204081632,18000.0,959002.12
0.018775510204081632,19000.0,1012280.01
0.018775510204081632,20000.0,1065557.91
0.018775510204081632,21000.0,1118835.80
0.018775510204081632,22000.0,1172113.70
0.018775510204081632,23000.0,1225391.59
0.018775510204081632,24000.0,1278669.49
0.018775510204081632,25000.0,1331947.38
0.018775510204081632,26000.0,1385225.28
0.018775510204081632,27000.0,1438503.17
0.018775510204081632,28000.0,1491781.07
0.018775510204081632,29000.0,1545058.96
0.018775510204081632,30000.0,1598336.86
0.018775510204081632,31000.0,1651614.76
0.018775510204081632,32000.0,1704892.65
0.018775510204081632,33000.0,1758170.55
0.018775510204081632,34000.0,1811448.44
0.018775510204081632,35000.0,1864726.34
0.018775510204081632,36000.0,1918004.23
0.018775510204081632,37000.0,1971282.13
0.018775510204081632,38000.0,2024560.02
0.018775510204081632,39000.0,2077837.92
0.018775510204081632,40000.0,2131115.81
0.018775510204081632,41000.0,2184393.71
0.018775510204081632,42000.0,2237671.60
0.018775510204081632,43000.0,2290949.50
0.018775510204081632,44000.0,2344227.39
0.018775510204081632,45000.0,2397505.29
0.018775510204081632,46000.0,2450783.19
0.018775510204081632,47000.0,2504061.08
0.018775510204081632,48000.0,2557338.98
0.018775510204081632,49000.0,2610616.87
0.018775510204081632,50000.0,2663894.77
0.01969387755102041,1000.0,50792.68
0.01969387755102041,2000.0,101585.35
0.01969387755102041,3000.0,152378.03
0.01969387755102041,4000.0,203170.71
0.01969387755102041,5000.0,253963.38
0.01969387755102041,6000.0,304756.06
0.01969387755102041,7000.0,355548.74
0.01969387755102041,8000.0,406341.41
0.01969387755102041,9000.0,457134.09
0.01969387755102041,10000.0,507926.77
0.01969387755102041,11000.0,558719.44
0.01969387755102041,12000.0,609512.12
0.01969387755102041,13000.0,660304.80
0.01969387755102041,14000.0,711097.47
0.01969387755102041,15000.0,761890.15
0.01969387755102041,16000.0,812682.83
0.01969387755102041,17000.0,863475.50
0.01969387755102041,18000.0,914268.18
0.01969387755102041,19000.0,965060.86
0.01969387755102041,20000.0,1015853.53
0.01969387755102041,21000.0,1066646.21
0.01969387755102041,22000.0,1117438.89
0.01969387755102041,23000.0,1168231.56
0.01969387755102041,24000.0,1219024.24
0.01969387755102041,25000.0,1269816.92
0.01969387755102041,26000.0,1320609.60
0.01969387755102041,27000.0,1371402.27
0.01969387755102041,28000.0,1422194.95
0.01969387755102041,29000.0,1472987.63
0.01969387755102041,30000.0,1523780.30
0.01969387755102041,31000.0,1574572.98
0.01969387755102041,32000.0,1625365.66
0.01969387755102041,33000.0,1676158.33
0.01969387755102041,34000.0,1726951.01
0.01969387755102041,35000.0,1777743.69
0.01969387755102041,36000.0,1828536.36
0.01969387755102041,37000.0,1879329.04
0.01969387755102041,38000.0,1930121.72
0.01969387755102041,39000.0,1980914.39
0.01969387755102041,40000.0,2031707.07
0.01969387755102041,41000.0,2082499.75
0.01969387755102041,42000.0,2133292.42
0.01969387755102041,43000.0,2184085.10
0.01969387755102041,44000.0,2234877.78
0.01969387755102041,45000.0,2285670.45
0.01969387755102041,46000.0,2336463.13
0.01969387755102041,47000.0,2387255.81
0.01969387755102041,48000.0,2438048.48
0.01969387755102041,49000.0,2488841.16
0.01969387755102041,50000.0,2539633.84
0.020612244897959184,1000.0,48528.98
0.020612244897959184,2000.0,97057.96
0.020612244897959184,3000.0,145586.93
0.020612244897959184,4000.0,194115.91
0.020612244897959184,5000.0,242644.89
0.020612244897959184,6000.0,291173.87
0.020612244897959184,7000.0,339702.84
0.020612244897959184,8000.0,388231.82
0.020612244897959184,9000.0,436760.80
0.020612244897959184,10000.0,485289.78
0.020612244897959184,11000.0,533818.76
0.020612244897959184,12000.0,582347.73
0.020612244897959184,13000.0,630876.71
0.020612244897959184,14000.0,679405.69
0.020612244897959184,15000.0,727934.67
0.020612244897959184,16000.0,776463.64
0.020612244897959184,17000.0,824992.62
0.020612244897959184,18000.0,873521.60
0.020612244897959184,19000.0,922050.58
0.020612244897959184,20000.0,970579.55
0.020612244897959184,21000.0,1019108.53
0.020612244897959184,22000.0,1067637.51
0.020612244897959184,23000.0,1116166.49
0.020612244897959184,24000.0,1164695.47
0.020612244897959184,25000.0,1213224.44
0.020612244897959184,26000.0,1261753.42
0.020612244897959184,27000.0,1310282.40
0.020612244897959184,28000.0,1358811.38
0.020612244897959184,29000.0,1407340.35
0.020612244897959184,30000.0,1455869.33
0.020612244897959184,31000.0,1504398.31
0.020612244897959184,32000.0,1552927.29
0.020612244897959184,33000.0,1601456.27
0.020612244897959184,34000.0,1649985.24
0.020612244897959184,35000.0,1698514.22
0.020612244897959184,36000.0,1747043.20
0.020612244897959184,37000.0,1795572.18
0.020612244897959184,38000.0,1844101.15
0.020612244897959184,39000.0,1892630.13
0.020612244897959184,40000.0,1941159.11
0.020612244897959184,41000.0,1989688.09
0.020612244897959184,42000.0,2038217.07
0.020612244897959184,43000.0,2086746.04
0.020612244897959184,44000.0,2135275.02
0.020612244897959184,45000.0,2183804.00
0.020612244897959184,46000.0,2232332.98
0.020612244897959184,47000.0,2280861.95
0.020612244897959184,48000.0,2329390.93
0.020612244897959184,49000.0,2377919.91
0.020612244897959184,50000.0,2426448.89
0.02153061224489796,1000.0,46458.44
0.02153061224489796,2000.0,92916.89
0.02153061224489796,3000.0,139375.33
0.02153061224489796,4000.0,185833.78
0.02153061224489796,5000.0,232292.22
0.02153061224489796,6000.0,278750.67
0.02153061224489796,7000.0,325209.11
0.02153061224489796,8000.0,371667.55
0.02153061224489796,9000.0,418126.00
0.02153061224489796,10000.0,464584.44
0.02153061224489796,11000.0,511042.89
0.02153061224489796,12000.0,557501.33
0.02153061224489796,13000.0,603959.78
0.02153061224489796,14000.0,650418.22
0.02153061224489796,15000.0,696876.67
0.02153061224489796,16000.0,743335.11
0.02153061224489796,17000.0,789793.55
0.02153061224489796,18000.0,836252.00
0.02153061224489796,19000.0,882710.44
0.02153061224489796,20000.0,929168.89
0.02153061224489796,21000.0,975627.33
0.02153061224489796,22000.0,1022085.78
0.02153061224489796,23000.0,1068544.22
0.02153061224489796,24000.0,1115002.66
0.02153061224489796,25000.0,1161461.11
0.02153061224489796,26000.0,1207919.55
0.02153061224489796,27000.0,1254378.00
0.02153061224489796,28000.0,1300836.44
0.02153061224489796,29000.0,1347294.89
0.02153061224489796,30000.0,1393753.33
0.02153061224489796,31000.0,1440211.77
0.02153061224489796,32000.0,1486670.22
0.02153061224489796,33000.0,1533128.66
0.02153061224489796,34000.0,1579587.11
0.02153061224489796,35000.0,1626045.55
0.02153061224489796,36000.0,1672504.00
0.02153061224489796,37000.0,1718962.44
0.02153061224489796,38000.0,1765420.89
0.02153061224489796,39000.0,1811879.33
0.02153061224489796,40000.0,1858337.77
0.02153061224489796,41000.0,1904796.22
0.02153061224489796,42000.0,1951254.66
0.02153061224489796,43000.0,1997713.11
0.02153061224489796,44000.0,2044171.55
0.02153061224489796,45000.0,2090630.00
0.02153061224489796,46000.0,2137088.44
0.02153061224489796,47000.0,2183546.88
0.02153061224489796,48000.0,2230005.33
0.02153061224489796,49000.0,2276463.77
0.02153061224489796,50000.0,2322922.22
0.022448979591836737,1000.0,44557.36
0.022448979591836737,2000.0,89114.73
0.022448979591836737,3000.0,133672.09
0.022448979591836737,4000.0,178229.45
0.022448979591836737,5000.0,222786.82
0.022448979591836737,6000.0,267344.18
0.022448979591836737,7000.0,311901.54
0.022448979591836737,8000.0,356458.91
0.022448979591836737,9000.0,401016.27
0.022448979591836737,10000.0,445573.64
0.022448979591836737,11000.0,490131.00
0.022448979591836737,12000.0,534688.36
0.022448979591836737,13000.0,579245.73
0.022448979591836737,14000.0,623803.09
0.022448979591836737,15000.0,668360.45
0.022448979591836737,16000.0,712917.82
0.022448979591836737,17000.0,757475.18
0.022448979591836737,18000.0,802032.54
0.022448979591836737,19000.0,846589.91
0.022448979591836737,20000.0,891147.27
0.022448979591836737,21000.0,935704.63
0.022448979591836737,22000.0,980262.00
0.022448979591836737,23000.0,1024819.36
0.022448979591836737,24000.0,1069376.72
0.022448979591836737,25000.0,1113934.09
0.022448979591836737,26000.0,1158491.45
0.022448979591836737,27000.0,1203048.81
0.022448979591836737,28000.0,1247606.18
0.022448979591836737,29000.0,1292163.54
0.022448979591836737,30000.0,1336720.91
0.022448979591836737,31000.0,1381278.27
0.022448979591836737,32000.0,1425835.63
0.022448979591836737,33000.0,1470393.00
0.022448979591836737,34000.0,1514950.36
0.022448979591836737,35000.0,1559507.72
0.022448979591836737,36000.0,1604065.09
0.022448979591836737,37000.0,1648622.45
0.022448979591836737,38000.0,1693179.81
0.022448979591836737,39000.0,1737737.18
0.022448979591836737,40000.0,1782294.54
0.022448979591836737,41000.0,1826851.90
0.022448979591836737,42000.0,1871409.27
0.022448979591836737,43000.0,1915966.63
0.022448979591836737,44000.0,1960523.99
0.022448979591836737,45000.0,2005081.36
0.022448979591836737,46000.0,2049638.72
0.022448979591836737,47000.0,2094196.09
0.022448979591836737,48000.0,2138753.45
0.022448979591836737,49000.0,2183310.81
0.022448979591836737,50000.0,2227868.18
0.023367346938775513,1000.0,42805.75
0.023367346938775513,2000.0,85611.50
0.023367346938775513,3000.0,128417.25
0.023367346938775513,4000.0,171223.00
0.023367346938775513,5000.0,214028.75
0.023367346938775513,6000.0,256834.51
0.023367346938775513,7000.0,299640.26
0.023367346938775513,8000.0,342446.01
0.023367346938775513,9000.0,385251.76
0.023367346938775513,10000.0,428057.51
0.023367346938775513,11000.0,470863.26
0.023367346938775513,12000.0,513669.01
0.023367346938775513,13000.0,556474.76
0.023367346938775513,14000.0,599280.51
0.023367346938775513,15000.0,642086.26
0.023367346938775513,16000.0,684892.02
0.023367346938775513,17000.0,727697.77
0.023367346938775513,18000.0,770503.52
0.023367346938775513,19000.0,813309.27
0.023367346938775513,20000.0,856115.02
0.023367346938775513,21000.0,898920.77
0.023367346938775513,22000.0,941726.52
0.023367346938775513,23000.0,984532.27
0.023367346938775513,24000.0,1027338.02
0.023367346938775513,25000.0,1070143.77
0.023367346938775513,26000.0,1112949.53
0.023367346938775513,27000.0,1155755.28
0.023367346938775513,28000.0,1198561.03
0.023367346938775513,29000.0,1241366.78
0.023367346938775513,30000.0,1284172.53
0.023367346938775513,31000.0,1326978.28
0.023367346938775513,32000.0,1369784.03
0.023367346938775513,33000.0,1412589.78
0.023367346938775513,34000.0,1455395.53
0.023367346938775513,35000.0,1498201.28
0.023367346938775513,36000.0,1541007.04
0.023367346938775513,37000.0,1583812.79
0.023367346938775513,38000.0,1626618.54
0.023367346938775513,39000.0,1669424.29
0.023367346938775513,40000.0,1712230.04
0.023367346938775513,41000.0,1755035.79
0.023367346938775513,42000.0,1797841.54
0.023367346938775513,43000.0,1840647.29
0.023367346938775513,44000.0,1883453.04
0.023367346938775513,45000.0,1926258.79
0.023367346938775513,46000.0,1969064.55
0.023367346938775513,47000.0,2011870.30
0.023367346938775513,48000.0,2054676.05
0.023367346938775513,49000.0,2097481.80
0.023367346938775513,50000.0,2140287.55
0.02428571428571429,1000.0,41186.65
0.02428571428571429,2000.0,82373.29
0.02428571428571429,3000.0,123559.94
0.02428571428571429,4000.0,164746.58
0.02428571428571429,5000.0,205933.23
0.02428571428571429,6000.0,247119.88
0.02428571428571429,7000.0,288306.52
0.02428571428571429,8000.0,329493.17
0.02428571428571429,9000.0,370679.82
0.02428571428571429,10000.0,411866.46
0.02428571428571429,11000.0,453053.11
0.02428571428571429,12000.0,494239.75
0.02428571428571429,13000.0,535426.40
0.02428571428571429,14000.0,576613.05
0.02428571428571429,15000.0,617799.69
0.02428571428571429,16000.0,658986.34
0.02428571428571429,17000.0,700172.98
0.02428571428571429,18000.0,741359.63
0.02428571428571429,19000.0,782546.28
0.02428571428571429,20000.0,823732.92
0.02428571428571429,21000.0,864919.57
0.02428571428571429,22000.0,906106.21
0.02428571428571429,23000.0,947292.86
0.02428571428571429,24000.0,988479.51
0.02428571428571429,25000.0,1029666.15
0.02428571428571429,26000.0,1070852.80
0.02428571428571429,27000.0,1112039.45
0.02428571428571429,28000.0,1153226.09
0.02428571428571429,29000.0,1194412.74
0.02428571428571429,30000.0,1235599.38
0.02428571428571429,31000.0,1276786.03
0.02428571428571429,32000.0,1317972.68
0.02428571428571429,33000.0,1359159.32
0.02428571428571429,34000.0,1400345.97
0.02428571428571429,35000.0,1441532.61
0.02428571428571429,36000.0,1482719.26
0.02428571428571429,37000.0,1523905.91
0.02428571428571429,38000.0,1565092.55
0.02428571428571429,39000.0,1606279.20
0.02428571428571429,40000.0,1647465.84
0.02428571428571429,41000.0,1688652.49
0.02428571428571429,42000.0,1729839.14
0.02428571428571429,43000.0,1771025.78
0.02428571428571429,44000.0,1812212.43
0.02428571428571429,45000.0,1853399.08
0.02428571428571429,46000.0,1894585.72
0.02428571428571429,47000.0,1935772.37
0.02428571428571429,48000.0,1976959.01
0.02428571428571429,49000.0,2018145.66
0.02428571428571429,50000.0,2059332.31
0.025204081632653065,1000.0,39685.56
0.025204081632653065,2000.0,79371.12
0.025204081632653065,3000.0,119056.68
0.025204081632653065,4000.0,158742.24
0.025204081632653065,5000.0,198427.80
0.025204081632653065,6000.0,238113.36
0.025204081632653065,7000.0,277798.93
0.025204081632653065,8000.0,317484.49
0.025204081632653065,9000.0,357170.05
0.025204081632653065,10000.0,396855.61
0.025204081632653065,11000.0,436541.17
0.025204081632653065,12000.0,476226.73
0.025204081632653065,13000.0,515912.29
0.025204081632653065,14000.0,555597.85
0.025204081632653065,15000.0,595283.41
0.025204081632653065,16000.0,634968.97
0.025204081632653065,17000.0,674654.53
0.025204081632653065,18000.0,714340.09
0.025204081632653065,19000.0,754025.65
0.025204081632653065,20000.0,793711.22
0.025204081632653065,21000.0,833396.78
0.025204081632653065,22000.0,873082.34
0.025204081632653065,23000.0,912767.90
0.025204081632653065,24000.0,952453.46
0.025204081632653065,25000.0,992139.02
0.025204081632653065,26000.0,1031824.58
0.025204081632653065,27000.0,1071510.14
0.025204081632653065,28000.0,1111195.70
0.025204081632653065,29000.0,1150881.26
0.025204081632653065,30000.0,1190566.82
0.025204081632653065,31000.0,1230252.38
0.025204081632653065,32000.0,1269937.94
0.025204081632653065,33000.0,1309623.51
0.025204081632653065,34000.0,1349309.07
0.025204081632653065,35000.0,1388994.63
0.025204081632653065,36000.0,1428680.19
0.025204081632653065,37000.0,1468365.75
0.025204081632653065,38000.0,1508051.31
0.025204081632653065,39000.0,1547736.87
0.025204081632653065,40000.0,1587422.43
0.025204081632653065,41000.0,1627107.99
0.025204081632653065,42000.0,1666793.55
0.025204081632653065,43000.0,1706479.11
0.025204081632653065,44000.0,1746164.67
0.025204081632653065,45000.0,1785850.23
0.025204081632653065,46000.0,1825535.80
0.025204081632653065,47000.0,1865221.36
0.025204081632653065,48000.0,1904906.92
0.025204081632653065,49000.0,1944592.48
0.025204081632653065,50000.0,1984278.04
0.026122448979591838,1000.0,38290.04
0.026122448979591838,2000.0,76580.09
0.026122448979591838,3000.0,114870.13
0.026122448979591838,4000.0,153160.18
0.026122448979591838,5000.0,191450.22
0.026122448979591838,6000.0,229740.27
0.026122448979591838,7000.0,268030.31
0.026122448979591838,8000.0,306320.36
0.026122448979591838,9000.0,344610.40
0.026122448979591838,10000.0,382900.45
0.026122448979591838,11000.0,421190.49
0.026122448979591838,12000.0,459480.54
0.026122448979591838,13000.0,497770.58
0.026122448979591838,14000.0,536060.63
0.026122448979591838,15000.0,574350.67
0.026122448979591838,16000.0,612640.72
0.026122448979591838,17000.0,650930.76
0.026122448979591838,18000.0,689220.81
0.026122448979591838,19000.0,727510.85
0.026122448979591838,20000.0,765800.89
0.026122448979591838,21000.0,804090.94
0.026122448979591838,22000.0,842380.98
0.026122448979591838,23000.0,880671.03
0.026122448979591838,24000.0,918961.07
0.026122448979591838,25000.0,957251.12
0.026122448979591838,26000.0,995541.16
0.026122448979591838,27000.0,1033831.21
0.026122448979591838,28000.0,1072121.25
0.026122448979591838,29000.0,1110411.30
0.026122448979591838,30000.0,1148701.34
0.026122448979591838,31000.0,1186991.39
0.026122448979591838,32000.0,1225281.43
0.026122448979591838,33000.0,1263571.48
0.026122448979591838,34000.0,1301861.52
0.026122448979591838,35000.0,1340151.57
0.026122448979591838,36000.0,1378441.61
0.026122448979591838,37000.0,1416731.66
0.026122448979591838,38000.0,1455021.70
0.026122448979591838,39000.0,1493311.75
0.026122448979591838,40000.0,1531601.79
0.026122448979591838,41000.0,1569891.83
0.026122448979591838,42000.0,1608181.88
0.026122448979591838,43000.0,1646471.92
0.026122448979591838,44000.0,1684761.97
0.026122448979591838,45000.0,1723052.01
0.026122448979591838,46000.0,1761342.06
0.026122448979591838,47000.0,1799632.10
0.026122448979591838,48000.0,1837922.15
0.026122448979591838,49000.0,1876212.19
0.026122448979591838,50000.0,1914502.24
0.027040816326530614,1000.0,36989.34
0.027040816326530614,2000.0,73978.68
0.027040816326530614,3000.0,110968.02
0.027040816326530614,4000.0,147957.36
0.027040816326530614,5000.0,184946.70
0.027040816326530614,6000.0,221936.04
0.027040816326530614,7000.0,258925.38
0.027040816326530614,8000.0,295914.72
0.027040816326530614,9000.0,332904.06
0.027040816326530614,10000.0,369893.40
0.027040816326530614,11000.0,406882.73
0.027040816326530614,12000.0,443872.07
0.027040816326530614,13000.0,480861.41
0.027040816326530614,14000.0,517850.75
0.027040816326530614,15000.0,554840.09
0.027040816326530614,16000.0,591829.43
0.027040816326530614,17000.0,628818.77
0.027040816326530614,18000.0,665808.11
0.027040816326530614,19000.0,702797.45
0.027040816326530614,20000.0,739786.79
0.027040816326530614,21000.0,776776.13
0.027040816326530614,22000.0,813765.47
0.027040816326530614,23000.0,850754.81
0.027040816326530614,24000.0,887744.15
0.027040816326530614,25000.0,924733.49
0.027040816326530614,26000.0,961722.83
0.027040816326530614,27000.0,998712.17
0.027040816326530614,28000.0,1035701.51
0.027040816326530614,29000.0,1072690.85
0.027040816326530614,30000.0,1109680.19
0.027040816326530614,31000.0,1146669.53
0.027040816326530614,32000.0,1183658.86
0.027040816326530614,33000.0,1220648.20
0.027040816326530614,34000.0,1257637.54
0.027040816326530614,35000.0,1294626.88
0.027040816326530614,36000.0,1331616.22
0.027040816326530614,37000.0,1368605.56
0.027040816326530614,38000.0,1405594.90
0.027040816326530614,39000.0,1442584.24
0.027040816326530614,40000.0,1479573.58
0.027040816326530614,41000.0,1516562.92
0.027040816326530614,42000.0,1553552.26
0.027040816326530614,43000.0,1590541.60
0.027040816326530614,44000.0,1627530.94
0.027040816326530614,45000.0,1664520.28
0.027040816326530614,46000.0,1701509.62
0.027040816326530614,47000.0,1738498.96
0.027040816326530614,48000.0,1775488.30
0.027040816326530614,49000.0,1812477.64
0.027040816326530614,50000.0,1849466.98
0.02795918367346939,1000.0,35774.10
0.02795918367346939,2000.0,71548.20
0.02795918367346939,3000.0,107322.30
0.02795918367346939,4000.0,143096.40
0.02795918367346939,5000.0,178870.50
0.02795918367346939,6000.0,214644.60
0.02795918367346939,7000.0,250418.70
0.02795918367346939,8000.0,286192.80
0.02795918367346939,9000.0,321966.90
0.02795918367346939,10000.0,357741.00
0.02795918367346939,11000.0,393515.10
0.02795918367346939,12000.0,429289.21
0.02795918367346939,13000.0,465063.31
0.02795918367346939,14000.0,500837.41
0.02795918367346939,15000.0,536611.51
0.02795918367346939,16000.0,572385.61
0.02795918367346939,17000.0,608159.71
0.02795918367346939,18000.0,643933.81
0.02795918367346939,19000.0,679707.91
0.02795918367346939,20000.0,715482.01
0.02795918367346939,21000.0,751256.11
0.02795918367346939,22000.0,787030.21
0.02795918367346939,23000.0,822804.31
0.02795918367346939,24000.0,858578.41
0.02795918367346939,25000.0,894352.51
0.02795918367346939,26000.0,930126.61
0.02795918367346939,27000.0,965900.71
0.02795918367346939,28000.0,1001674.81
0.02795918367346939,29000.0,1037448.91
0.02795918367346939,30000.0,1073223.01
0.02795918367346939,31000.0,1108997.11
0.02795918367346939,32000.0,1144771.21
0.02795918367346939,33000.0,1180545.31
0.02795918367346939,34000.0,1216319.41
0.02795918367346939,35000.0,1252093.51
0.02795918367346939,36000.0,1287867.62
0.02795918367346939,37000.0,1323641.72
0.02795918367346939,38000.0,1359415.82
0.02795918367346939,39000.0,1395189.92
0.02795918367346939,40000.0,1430964.02
0.02795918367346939,41000.0,1466738.12
0.02795918367346939,42000.0,1502512.22
0.02795918367346939,43000.0,1538286.32
0.02795918367346939,44000.0,1574060.42
0.02795918367346939,45000.0,1609834.52
0.02795918367346939,46000.0,1645608.62
0.02795918367346939,47000.0,1681382.72
0.02795918367346939,48000.0,1717156.82
0.02795918367346939,49000.0,1752930.92
0.02795918367346939,50000.0,1788705.02
0.028877551020408166,1000.0,34636.17
0.028877551020408166,2000.0,69272.34
0.028877551020408166,3000.0,103908.52
0.028877551020408166,4000.0,138544.69
0.028877551020408166,5000.0,173180.86
0.028877551020408166,6000.0,207817.03
0.028877551020408166,7000.0,242453.20
0.028877551020408166,8000.0,277089.37
0.028877551020408166,9000.0,311725.55
0.028877551020408166,10000.0,346361.72
0.028877551020408166,11000.0,380997.89
0.028877551020408166,12000.0,415634.06
0.028877551020408166,13000.0,450270.23
0.028877551020408166,14000.0,484906.40
0.028877551020408166,15000.0,519542.58
0.028877551020408166,16000.0,554178.75
0.028877551020408166,17000.0,588814.92
0.028877551020408166,18000.0,623451.09
0.028877551020408166,19000.0,658087.26
0.028877551020408166,20000.0,692723.44
0.028877551020408166,21000.0,727359.61
0.028877551020408166,22000.0,761995.78
0.028877551020408166,23000.0,796631.95
0.028877551020408166,24000.0,831268.12
0.028877551020408166,25000.0,865904.29
0.028877551020408166,26000.0,900540.47
0.028877551020408166,27000.0,935176.64
0.028877551020408166,28000.0,969812.81
0.028877551020408166,29000.0,1004448.98
0.028877551020408166,30000.0,1039085.15
0.028877551020408166,31000.0,1073721.32
0.028877551020408166,32000.0,1108357.50
0.028877551020408166,33000.0,1142993.67
0.028877551020408166,34000.0,1177629.84
0.028877551020408166,35000.0,1212266.01
0.028877551020408166,36000.0,1246902.18
0.028877551020408166,37000.0,1281538.35
0.028877551020408166,38000.0,1316174.53
0.028877551020408166,39000.0,1350810.70
0.028877551020408166,40000.0,1385446.87
0.028877551020408166,41000.0,1420083.04
0.028877551020408166,42000.0,1454719.21
0.028877551020408166,43000.0,1489355.39
0.028877551020408166,44000.0,1523991.56
0.028877551020408166,45000.0,1558627.73
0.028877551020408166,46000.0,1593263.90
0.028877551020408166,47000.0,1627900.07
0.028877551020408166,48000.0,1662536.24
0.028877551020408166,49000.0,1697172.42
0.028877551020408166,50000.0,1731808.59
0.029795918367346942,1000.0,33568.40
0.029795918367346942,2000.0,67136.81
0.029795918367346942,3000.0,100705.21
0.029795918367346942,4000.0,134273.61
0.029795918367346942,5000.0,167842.02
0.029795918367346942,6000.0,201410.42
0.029795918367346942,7000.0,234978.82
0.029795918367346942,8000.0,268547.23
0.029795918367346942,9000.0,302115.63
0.029795918367346942,10000.0,335684.04
0.029795918367346942,11000.0,369252.44
0.029795918367346942,12000.0,402820.84
0.029795918367346942,13000.0,436389.25
0.029795918367346942,14000.0,469957.65
0.029795918367346942,15000.0,503526.05
0.029795918367346942,16000.0,537094.46
0.029795918367346942,17000.0,570662.86
0.029795918367346942,18000.0,604231.26
0.029795918367346942,19000.0,637799.67
0.029795918367346942,20000.0,671368.07
0.029795918367346942,21000.0,704936.47
0.029795918367346942,22000.0,738504.88
0.029795918367346942,23000.0,772073.28
0.029795918367346942,24000.0,805641.68
0.029795918367346942,25000.0,839210.09
0.029795918367346942,26000.0,872778.49
0.029795918367346942,27000.0,906346.89
0.029795918367346942,28000.0,939915.30
0.029795918367346942,29000.0,973483.70
0.029795918367346942,30000.0,1007052.11
0.029795918367346942,31000.0,1040620.51
0.029795918367346942,32000.0,1074188.91
0.029795918367346942,33000.0,1107757.32
0.029795918367346942,34000.0,1141325.72
0.029795918367346942,35000.0,1174894.12
0.029795918367346942,36000.0,1208462.53
0.029795918367346942,37000.0,1242030.93
0.029795918367346942,38000.0,1275599.33
0.029795918367346942,39000.0,1309167.74
0.029795918367346942,40000.0,1342736.14
0.029795918367346942,41000.0,1376304.54
0.029795918367346942,42000.0,1409872.95
0.029795918367346942,43000.0,1443441.35
0.029795918367346942,44000.0,1477009.75
0.029795918367346942,45000.0,1510578.16
0.029795918367346942,46000.0,1544146.56
0.029795918367346942,47000.0,1577714.96
0.029795918367346942,48000.0,1611283.37
0.029795918367346942,49000.0,1644851.77
0.029795918367346942,50000.0,1678420.18
0.03071428571428572,1000.0,32564.50
0.03071428571428572,2000.0,65129.00
0.03071428571428572,3000.0,97693.50
0.03071428571428572,4000.0,130258.00
0.03071428571428572,5000.0,162822.50
0.03071428571428572,6000.0,195387.01
0.03071428571428572,7000.0,227951.51
0.03071428571428572,8000.0,260516.01
0.03071428571428572,9000.0,293080.51
0.03071428571428572,10000.0,325645.01
0.03071428571428572,11000.0,358209.51
0.03071428571428572,12000.0,390774.01
0.03071428571428572,13000.0,423338.51
0.03071428571428572,14000.0,455903.01
0.03071428571428572,15000.0,488467.51
0.03071428571428572,16000.0,521032.02
0.03071428571428572,17000.0,553596.52
0.03071428571428572,18000.0,586161.02
0.03071428571428572,19000.0,618725.52
0.03071428571428572,20000.0,651290.02
0.03071428571428572,21000.0,683854.52
0.03071428571428572,22000.0,716419.02
0.03071428571428572,23000.0,748983.52
0.03071428571428572,24000.0,781548.02
0.03071428571428572,25000.0,814112.52
0.03071428571428572,26000.0,846677.03
0.03071428571428572,27000.0,879241.53
0.03071428571428572,28000.0,911806.03
0.03071428571428572,29000.0,944370.53
0.03071428571428572,30000.0,976935.03
0.03071428571428572,31000.0,1009499.53
0.03071428571428572,32000.0,1042064.03
0.03071428571428572,33000.0,1074628.53
0.03071428571428572,34000.0,1107193.03
0.03071428571428572,35000.0,1139757.53
0.03071428571428572,36000.0,1172322.04
0.03071428571428572,37000.0,1204886.54
0.03071428571428572,38000.0,1237451.04
0.03071428571428572,39000.0,1270015.54
0.03071428571428572,40000.0,1302580.04
0.03071428571428572,41000.0,1335144.54
0.03071428571428572,42000.0,1367709.04
0.03071428571428572,43000.0,1400273.54
0.03071428571428572,44000.0,1432838.04
0.03071428571428572,45000.0,1465402.54
0.03071428571428572,46000.0,1497967.04
0.03071428571428572,47000.0,1530531.55
0.03071428571428572,48000.0,1563096.05
0.03071428571428572,49000.0,1595660.55
0.03071428571428572,50000.0,1628225.05
0.03163265306122449,1000.0,31618.90
0.03163265306122449,2000.0,63237.80
0.03163265306122449,3000.0,94856.70
0.03163265306122449,4000.0,126475.60
0.03163265306122449,5000.0,158094.50
0.03163265306122449,6000.0,189713.40
0.03163265306122449,7000.0,221332.30
0.03163265306122449,8000.0,252951.20
0.03163265306122449,9000.0,284570.11
0.03163265306122449,10000.0,316189.01
0.03163265306122449,11000.0,347807.91
0.03163265306122449,12000.0,379426.81
0.03163265306122449,13000.0,411045.71
0.03163265306122449,14000.0,442664.61
0.03163265306122449,15000.0,474283.51
0.03163265306122449,16000.0,505902.41
0.03163265306122449,17000.0,537521.31
0.03163265306122449,18000.0,569140.21
0.03163265306122449,19000.0,600759.11
0.03163265306122449,20000.0,632378.01
0.03163265306122449,21000.0,663996.91
0.03163265306122449,22000.0,695615.81
0.03163265306122449,23000.0,727234.71
0.03163265306122449,24000.0,758853.61
0.03163265306122449,25000.0,790472.52
0.03163265306122449,26000.0,822091.42
0.03163265306122449,27000.0,853710.32
0.03163265306122449,28000.0,885329.22
0.03163265306122449,29000.0,916948.12
0.03163265306122449,30000.0,948567.02
0.03163265306122449,31000.0,980185.92
0.03163265306122449,32000.0,1011804.82
0.03163265306122449,33000.0,1043423.72
0.03163265306122449,34000.0,1075042.62
0.03163265306122449,35000.0,1106661.52
0.03163265306122449,36000.0,1138280.42
0.03163265306122449,37000.0,1169899.32
0.03163265306122449,38000.0,1201518.22
0.03163265306122449,39000.0,1233137.12
0.03163265306122449,40000.0,1264756.02
0.03163265306122449,41000.0,1296374.93
0.03163265306122449,42000.0,1327993.83
0.03163265306122449,43000.0,1359612.73
0.03163265306122449,44000.0,1391231.63
0.03163265306122449,45000.0,1422850.53
0.03163265306122449,46000.0,1454469.43
0.03163265306122449,47000.0,1486088.33
0.03163265306122449,48000.0,1517707.23
0.03163265306122449,49000.0,1549326.13
0.03163265306122449,50000.0,1580945.03
0.03255102040816327,1000.0,30726.67
0.03255102040816327,2000.0,61453.33
0.03255102040816327,3000.0,92180.00
0.03255102040816327,4000.0,122906.67
0.03255102040816327,5000.0,153633.33
0.03255102040816327,6000.0,184360.00
0.03255102040816327,7000.0,215086.67
0.03255102040816327,8000.0,245813.33
0.03255102040816327,9000.0,276540.00
0.03255102040816327,10000.0,307266.67
0.03255102040816327,11000.0,337993.34
0.03255102040816327,12000.0,368720.00
0.03255102040816327,13000.0,399446.67
0.03255102040816327,14000.0,430173.34
0.03255102040816327,15000.0,460900.00
0.03255102040816327,16000.0,491626.67
0.03255102040816327,17000.0,522353.34
0.03255102040816327,18000.0,553080.00
0.03255102040816327,19000.0,583806.67
0.03255102040816327,20000.0,614533.34
0.03255102040816327,21000.0,645260.00
0.03255102040816327,22000.0,675986.67
0.03255102040816327,23000.0,706713.34
0.03255102040816327,24000.0,737440.00
0.03255102040816327,25000.0,768166.67
0.03255102040816327,26000.0,798893.34
0.03255102040816327,27000.0,829620.01
0.03255102040816327,28000.0,860346.67
0.03255102040816327,29000.0,891073.34
0.03255102040816327,30000.0,921800.01
0.03255102040816327,31000.0,952526.67
0.03255102040816327,32000.0,983253.34
0.03255102040816327,33000.0,1013980.01
0.03255102040816327,34000.0,1044706.67
0.03255102040816327,35000.0,1075433.34
0.03255102040816327,36000.0,1106160.01
0.03255102040816327,37000.0,1136886.67
0.03255102040816327,38000.0,1167613.34
0.03255102040816327,39000.0,1198340.01
0.03255102040816327,40000.0,1229066.67
0.03255102040816327,41000.0,1259793.34
0.03255102040816327,42000.0,1290520.01
0.03255102040816327,43000.0,1321246.67
0.03255102040816327,44000.0,1351973.34
0.03255102040816327,45000.0,1382700.01
0.03255102040816327,46000.0,1413426.68
0.03255102040816327,47000.0,1444153.34
0.03255102040816327,48000.0,1474880.01
0.03255102040816327,49000.0,1505606.68
0.03255102040816327,50000.0,1536333.34
0.03346938775510204,1000.0,29883.41
0.03346938775510204,2000.0,59766.81
0.03346938775510204,3000.0,89650.22
0.03346938775510204,4000.0,119533.62
0.03346938775510204,5000.0,149417.03
0.03346938775510204,6000.0,179300.44
0.03346938775510204,7000.0,209183.84
0.03346938775510204,8000.0,239067.25
0.03346938775510204,9000.0,268950.65
0.03346938775510204,10000.0,298834.06
0.03346938775510204,11000.0,328717.47
0.03346938775510204,12000.0,358600.87
0.03346938775510204,13000.0,388484.28
0.03346938775510204,14000.0,418367.68
0.03346938775510204,15000.0,448251.09
0.03346938775510204,16000.0,478134.49
0.03346938775510204,17000.0,508017.90
0.03346938775510204,18000.0,537901.31
0.03346938775510204,19000.0,567784.71
0.03346938775510204,20000.0,597668.12
0.03346938775510204,21000.0,627551.52
0.03346938775510204,22000.0,657434.93
0.03346938775510204,23000.0,687318.34
0.03346938775510204,24000.0,717201.74
0.03346938775510204,25000.0,747085.15
0.03346938775510204,26000.0,776968.55
0.03346938775510204,27000.0,806851.96
0.03346938775510204,28000.0,836735.37
0.03346938775510204,29000.0,866618.77
0.03346938775510204,30000.0,896502.18
0.03346938775510204,31000.0,926385.58
0.03346938775510204,32000.0,956268.99
0.03346938775510204,33000.0,986152.40
0.03346938775510204,34000.0,1016035.80
0.03346938775510204,35000.0,1045919.21
0.03346938775510204,36000.0,1075802.61
0.03346938775510204,37000.0,1105686.02
0.03346938775510204,38000.0,1135569.43
0.03346938775510204,39000.0,1165452.83
0.03346938775510204,40000.0,1195336.24
0.03346938775510204,41000.0,1225219.64
0.03346938775510204,42000.0,1255103.05
0.03346938775510204,43000.0,1284986.45
0.03346938775510204,44000.0,1314869.86
0.03346938775510204,45000.0,1344753.27
0.03346938775510204,46000.0,1374636.67
0.03346938775510204,47000.0,1404520.08
0.03346938775510204,48000.0,1434403.48
0.03346938775510204,49000.0,1464286.89
0.03346938775510204,50000.0,1494170.30
0.03438775510204082,1000.0,29085.19
0.03438775510204082,2000.0,58170.39
0.03438775510204082,3000.0,87255.58
0.03438775510204082,4000.0,116340.77
0.03438775510204082,5000.0,145425.97
0.03438775510204082,6000.0,174511.16
0.03438775510204082,7000.0,203596.35
0.03438775510204082,8000.0,232681.55
0.03438775510204082,9000.0,261766.74
0.03438775510204082,10000.0,290851.93
0.03438775510204082,11000.0,319937.13
0.03438775510204082,12000.0,349022.32
0.03438775510204082,13000.0,378107.52
0.03438775510204082,14000.0,407192.71
0.03438775510204082,15000.0,436277.90
0.03438775510204082,16000.0,465363.10
0.03438775510204082,17000.0,494448.29
0.03438775510204082,18000.0,523533.48
0.03438775510204082,19000.0,552618.68
0.03438775510204082,20000.0,581703.87
0.03438775510204082,21000.0,610789.06
0.03438775510204082,22000.0,639874.26
0.03438775510204082,23000.0,668959.45
0.03438775510204082,24000.0,698044.64
0.03438775510204082,25000.0,727129.84
0.03438775510204082,26000.0,756215.03
0.03438775510204082,27000.0,785300.22
0.03438775510204082,28000.0,814385.42
0.03438775510204082,29000.0,843470.61
0.03438775510204082,30000.0,872555.80
0.03438775510204082,31000.0,901641.00
0.03438775510204082,32000.0,930726.19
0.03438775510204082,33000.0,959811.39
0.03438775510204082,34000.0,988896.58
0.03438775510204082,35000.0,1017981.77
0.03438775510204082,36000.0,1047066.97
0.03438775510204082,37000.0,1076152.16
0.03438775510204082,38000.0,1105237.35
0.03438775510204082,39000.0,1134322.55
0.03438775510204082,40000.0,1163407.74
0.03438775510204082,41000.0,1192492.93
0.03438775510204082,42000.0,1221578.13
0.03438775510204082,43000.0,1250663.32
0.03438775510204082,44000.0,1279748.51
0.03438775510204082,45000.0,1308833.71
0.03438775510204082,46000.0,1337918.90
0.03438775510204082,47000.0,1367004.09
0.03438775510204082,48000.0,1396089.29
0.03438775510204082,49000.0,1425174.48
0.03438775510204082,50000.0,1454259.67
0.03530612244897959,1000.0,28328.51
0.03530612244897959,2000.0,56657.03
0.03530612244897959,3000.0,84985.54
0.03530612244897959,4000.0,113314.05
0.03530612244897959,5000.0,141642.57
0.03530612244897959,6000.0,169971.08
0.03530612244897959,7000.0,198299.60
0.03530612244897959,8000.0,226628.11
0.03530612244897959,9000.0,254956.62
0.03530612244897959,10000.0,283285.14
0.03530612244897959,11000.0,311613.65
0.03530612244897959,12000.0,339942.16
0.03530612244897959,13000.0,368270.68
0.03530612244897959,14000.0,396599.19
0.03530612244897959,15000.0,424927.70
0.03530612244897959,16000.0,453256.22
0.03530612244897959,17000.0,481584.73
0.03530612244897959,18000.0,509913.25
0.03530612244897959,19000.0,538241.76
0.03530612244897959,20000.0,566570.27
0.03530612244897959,21000.0,594898.79
0.03530612244897959,22000.0,623227.30
0.03530612244897959,23000.0,651555.81
0.03530612244897959,24000.0,679884.33
0.03530612244897959,25000.0,708212.84
0.03530612244897959,26000.0,736541.35
0.03530612244897959,27000.0,764869.87
0.03530612244897959,28000.0,793198.38
0.03530612244897959,29000.0,821526.90
0.03530612244897959,30000.0,849855.41
0.03530612244897959,31000.0,878183.92
0.03530612244897959,32000.0,906512.44
0.03530612244897959,33000.0,934840.95
0.03530612244897959,34000.0,963169.46
0.03530612244897959,35000.0,991497.98
0.03530612244897959,36000.0,1019826.49
0.03530612244897959,37000.0,1048155.00
0.03530612244897959,38000.0,1076483.52
0.03530612244897959,39000.0,1104812.03
0.03530612244897959,40000.0,1133140.55
0.03530612244897959,41000.0,1161469.06
0.03530612244897959,42000.0,1189797.57
0.03530612244897959,43000.0,1218126.09
0.03530612244897959,44000.0,1246454.60
0.03530612244897959,45000.0,1274783.11
0.03530612244897959,46000.0,1303111.63
0.03530612244897959,47000.0,1331440.14
0.03530612244897959,48000.0,1359768.65
0.03530612244897959,49000.0,1388097.17
0.03530612244897959,50000.0,1416425.68
0.03622448979591837,1000.0,27610.21
0.03622448979591837,2000.0,55220.41
0.03622448979591837,3000.0,82830.62
0.03622448979591837,4000.0,110440.83
0.03622448979591837,5000.0,138051.03
0.03622448979591837,6000.0,165661.24
0.03622448979591837,7000.0,193271.45
0.03622448979591837,8000.0,220881.66
0.03622448979591837,9000.0,248491.86
0.03622448979591837,10000.0,276102.07
0.03622448979591837,11000.0,303712.28
0.03622448979591837,12000.0,331322.48
0.03622448979591837,13000.0,358932.69
0.03622448979591837,14000.0,386542.90
0.03622448979591837,15000.0,414153.10
0.03622448979591837,16000.0,441763.31
0.03622448979591837,17000.0,469373.52
0.03622448979591837,18000.0,496983.73
0.03622448979591837,19000.0,524593.93
0.03622448979591837,20000.0,552204.14
0.03622448979591837,21000.0,579814.35
0.03622448979591837,22000.0,607424.55
0.03622448979591837,23000.0,635034.76
0.03622448979591837,24000.0,662644.97
0.03622448979591837,25000.0,690255.17
0.03622448979591837,26000.0,717865.38
0.03622448979591837,27000.0,745475.59
0.03622448979591837,28000.0,773085.80
0.03622448979591837,29000.0,800696.00
0.03622448979591837,30000.0,828306.21
0.03622448979591837,31000.0,855916.42
0.03622448979591837,32000.0,883526.62
0.03622448979591837,33000.0,911136.83
0.03622448979591837,34000.0,938747.04
0.03622448979591837,35000.0,966357.24
0.03622448979591837,36000.0,993967.45
0.03622448979591837,37000.0,1021577.66
0.03622448979591837,38000.0,1049187.87
0.03622448979591837,39000.0,1076798.07
0.03622448979591837,40000.0,1104408.28
0.03622448979591837,41000.0,1132018.49
0.03622448979591837,42000.0,1159628.69
0.03622448979591837,43000.0,1187238.90
0.03622448979591837,44000.0,1214849.11
0.03622448979591837,45000.0,1242459.31
0.03622448979591837,46000.0,1270069.52
0.03622448979591837,47000.0,1297679.73
0.03622448979591837,48000.0,1325289.94
0.03622448979591837,49000.0,1352900.14
0.03622448979591837,50000.0,1380510.35
0.037142857142857144,1000.0,26927.43
0.037142857142857144,2000.0,53854.85
0.037142857142857144,3000.0,80782.28
0.037142857142857144,4000.0,107709.71
0.037142857142857144,5000.0,134637.13
0.037142857142857144,6000.0,161564.56
0.037142857142857144,7000.0,188491.99
0.037142857142857144,8000.0,215419.41
0.037142857142857144,9000.0,242346.84
0.037142857142857144,10000.0,269274.27
0.037142857142857144,11000.0,296201.69
0.037142857142857144,12000.0,323129.12
0.037142857142857144,13000.0,350056.55
0.037142857142857144,14000.0,376983.97
0.037142857142857144,15000.0,403911.40
0.037142857142857144,16000.0,430838.83
0.037142857142857144,17000.0,457766.25
0.037142857142857144,18000.0,484693.68
0.037142857142857144,19000.0,511621.11
0.037142857142857144,20000.0,538548.53
0.037142857142857144,21000.0,565475.96
0.037142857142857144,22000.0,592403.39
0.037142857142857144,23000.0,619330.81
0.037142857142857144,24000.0,646258.24
0.037142857142857144,25000.0,673185.67
0.037142857142857144,26000.0,700113.10
0.037142857142857144,27000.0,727040.52
0.037142857142857144,28000.0,753967.95
0.037142857142857144,29000.0,780895.38
0.037142857142857144,30000.0,807822.80
0.037142857142857144,31000.0,834750.23
0.037142857142857144,32000.0,861677.66
0.037142857142857144,33000.0,888605.08
0.037142857142857144,34000.0,915532.51
0.037142857142857144,35000.0,942459.94
0.037142857142857144,36000.0,969387.36
0.037142857142857144,37000.0,996314.79
0.037142857142857144,38000.0,1023242.22
0.037142857142857144,39000.0,1050169.64
0.037142857142857144,40000.0,1077097.07
0.037142857142857144,41000.0,1104024.50
0.037142857142857144,42000.0,1130951.92
0.037142857142857144,43000.0,1157879.35
0.037142857142857144,44000.0,1184806.78
0.037142857142857144,45000.0,1211734.20
0.037142857142857144,46000.0,1238661.63
0.037142857142857144,47000.0,1265589.06
0.037142857142857144,48000.0,1292516.48
0.037142857142857144,49000.0,1319443.91
0.037142857142857144,50000.0,1346371.34
0.03806122448979592,1000.0,26277.60
0.03806122448979592,2000.0,52555.20
0.03806122448979592,3000.0,78832.80
0.03806122448979592,4000.0,105110.40
0.03806122448979592,5000.0,131388.00
0.03806122448979592,6000.0,157665.61
0.03806122448979592,7000.0,183943.21
0.03806122448979592,8000.0,210220.81
0.03806122448979592,9000.0,236498.41
0.03806122448979592,10000.0,262776.01
0.03806122448979592,11000.0,289053.61
0.03806122448979592,12000.0,315331.21
0.03806122448979592,13000.0,341608.81
0.03806122448979592,14000.0,367886.41
0.03806122448979592,15000.0,394164.01
0.03806122448979592,16000.0,420441.61
0.03806122448979592,17000.0,446719.21
0.03806122448979592,18000.0,472996.82
0.03806122448979592,19000.0,499274.42
0.03806122448979592,20000.0,525552.02
0.03806122448979592,21000.0,551829.62
0.03806122448979592,22000.0,578107.22
0.03806122448979592,23000.0,604384.82
0.03806122448979592,24000.0,630662.42
0.03806122448979592,25000.0,656940.02
0.03806122448979592,26000.0,683217.62
0.03806122448979592,27000.0,709495.22
0.03806122448979592,28000.0,735772.82
0.03806122448979592,29000.0,762050.43
0.03806122448979592,30000.0,788328.03
0.03806122448979592,31000.0,814605.63
0.03806122448979592,32000.0,840883.23
0.03806122448979592,33000.0,867160.83
0.03806122448979592,34000.0,893438.43
0.03806122448979592,35000.0,919716.03
0.03806122448979592,36000.0,945993.63
0.03806122448979592,37000.0,972271.23
0.03806122448979592,38000.0,998548.83
0.03806122448979592,39000.0,1024826.43
0.03806122448979592,40000.0,1051104.03
0.03806122448979592,41000.0,1077381.64
0.03806122448979592,42000.0,1103659.24
0.03806122448979592,43000.0,1129936.84
0.03806122448979592,44000.0,1156214.44
0.03806122448979592,45000.0,1182492.04
0.03806122448979592,46000.0,1208769.64
0.03806122448979592,47000.0,1235047.24
0.03806122448979592,48000.0,1261324.84
0.03806122448979592,49000.0,1287602.44
0.03806122448979592,50000.0,1313880.04
0.038979591836734696,1000.0,25658.40
0.038979591836734696,2000.0,51316.80
0.038979591836734696,3000.0,76975.20
0.038979591836734696,4000.0,102633.60
0.038979591836734696,5000.0,128292.00
0.038979591836734696,6000.0,153950.40
0.038979591836734696,7000.0,179608.80
0.038979591836734696,8000.0,205267.20
0.038979591836734696,9000.0,230925.60
0.038979591836734696,10000.0,256584.00
0.038979591836734696,11000.0,282242.40
0.038979591836734696,12000.0,307900.80
0.038979591836734696,13000.0,333559.20
0.038979591836734696,14000.0,359217.60
0.038979591836734696,15000.0,384876.00
0.038979591836734696,16000.0,410534.40
0.038979591836734696,17000.0,436192.80
0.038979591836734696,18000.0,461851.20
0.038979591836734696,19000.0,487509.60
0.038979591836734696,20000.0,513168.00
0.038979591836734696,21000.0,538826.40
0.038979591836734696,22000.0,564484.80
0.038979591836734696,23000.0,590143.19
0.038979591836734696,24000.0,615801.59
0.038979591836734696,25000.0,641459.99
0.038979591836734696,26000.0,667118.39
0.038979591836734696,27000.0,692776.79
0.038979591836734696,28000.0,718435.19
0.038979591836734696,29000.0,744093.59
0.038979591836734696,30000.0,769751.99
0.038979591836734696,31000.0,795410.39
0.038979591836734696,32000.0,821068.79
0.038979591836734696,33000.0,846727.19
0.038979591836734696,34000.0,872385.59
0.038979591836734696,35000.0,898043.99
0.038979591836734696,36000.0,923702.39
0.038979591836734696,37000.0,949360.79
0.038979591836734696,38000.0,975019.19
0.038979591836734696,39000.0,1000677.59
0.038979591836734696,40000.0,1026335.99
0.038979591836734696,41000.0,1051994.39
0.038979591836734696,42000.0,1077652.79
0.038979591836734696,43000.0,1103311.19
0.038979591836734696,44000.0,1128969.59
0.038979591836734696,45000.0,1154627.99
0.038979591836734696,46000.0,1180286.39
0.038979591836734696,47000.0,1205944.79
0.038979591836734696,48000.0,1231603.19
0.038979591836734696,49000.0,1257261.59
0.038979591836734696,50000.0,1282919.99
0.03989795918367347,1000.0,25067.71
0.03989795918367347,2000.0,50135.42
0.03989795918367347,3000.0,75203.13
0.03989795918367347,4000.0,100270.83
0.03989795918367347,5000.0,125338.54
0.03989795918367347,6000.0,150406.25
0.03989795918367347,7000.0,175473.96
0.03989795918367347,8000.0,200541.67
0.03989795918367347,9000.0,225609.38
0.03989795918367347,10000.0,250677.08
0.03989795918367347,11000.0,275744.79
0.03989795918367347,12000.0,300812.50
0.03989795918367347,13000.0,325880.21
0.03989795918367347,14000.0,350947.92
0.03989795918367347,15000.0,376015.63
0.03989795918367347,16000.0,401083.33
0.03989795918367347,17000.0,426151.04
0.03989795918367347,18000.0,451218.75
0.03989795918367347,19000.0,476286.46
0.03989795918367347,20000.0,501354.17
0.03989795918367347,21000.0,526421.88
0.03989795918367347,22000.0,551489.58
0.03989795918367347,23000.0,576557.29
0.03989795918367347,24000.0,601625.00
0.03989795918367347,25000.0,626692.71
0.03989795918367347,26000.0,651760.42
0.03989795918367347,27000.0,676828.13
0.03989795918367347,28000.0,701895.83
0.03989795918367347,29000.0,726963.54
0.03989795918367347,30000.0,752031.25
0.03989795918367347,31000.0,777098.96
0.03989795918367347,32000.0,802166.67
0.03989795918367347,33000.0,827234.38
0.03989795918367347,34000.0,852302.09
0.03989795918367347,35000.0,877369.79
0.03989795918367347,36000.0,902437.50
0.03989795918367347,37000.0,927505.21
0.03989795918367347,38000.0,952572.92
0.03989795918367347,39000.0,977640.63
0.03989795918367347,40000.0,1002708.34
0.03989795918367347,41000.0,1027776.04
0.03989795918367347,42000.0,1052843.75
0.03989795918367347,43000.0,1077911.46
0.03989795918367347,44000.0,1102979.17
0.03989795918367347,45000.0,1128046.88
0.03989795918367347,46000.0,1153114.59
0.03989795918367347,47000.0,1178182.29
0.03989795918367347,48000.0,1203250.00
0.03989795918367347,49000.0,1228317.71
0.03989795918367347,50000.0,1253385.42
0.04081632653061224,1000.0,24503.60
0.04081632653061224,2000.0,49007.20
0.04081632653061224,3000.0,73510.81
0.04081632653061224,4000.0,98014.41
0.04081632653061224,5000.0,122518.01
0.04081632653061224,6000.0,147021.61
0.04081632653061224,7000.0,171525.21
0.04081632653061224,8000.0,196028.82
0.04081632653061224,9000.0,220532.42
0.04081632653061224,10000.0,245036.02
0.04081632653061224,11000.0,269539.62
0.04081632653061224,12000.0,294043.22
0.04081632653061224,13000.0,318546.83
0.04081632653061224,14000.0,343050.43
0.04081632653061224,15000.0,367554.03
0.04081632653061224,16000.0,392057.63
0.04081632653061224,17000.0,416561.23
0.04081632653061224,18000.0,441064.84
0.04081632653061224,19000.0,465568.44
0.04081632653061224,20000.0,490072.04
0.04081632653061224,21000.0,514575.64
0.04081632653061224,22000.0,539079.24
0.04081632653061224,23000.0,563582.85
0.04081632653061224,24000.0,588086.45
0.04081632653061224,25000.0,612590.05
0.04081632653061224,26000.0,637093.65
0.04081632653061224,27000.0,661597.25
0.04081632653061224,28000.0,686100.86
0.04081632653061224,29000.0,710604.46
0.04081632653061224,30000.0,735108.06
0.04081632653061224,31000.0,759611.66
0.04081632653061224,32000.0,784115.26
0.04081632653061224,33000.0,808618.87
0.04081632653061224,34000.0,833122.47
0.04081632653061224,35000.0,857626.07
0.04081632653061224,36000.0,882129.67
0.04081632653061224,37000.0,906633.28
0.04081632653061224,38000.0,931136.88
0.04081632653061224,39000.0,955640.48
0.04081632653061224,40000.0,980144.08
0.04081632653061224,41000.0,1004647.68
0.04081632653061224,42000.0,1029151.29
0.04081632653061224,43000.0,1053654.89
0.04081632653061224,44000.0,1078158.49
0.04081632653061224,45000.0,1102662.09
0.04081632653061224,46000.0,1127165.69
0.04081632653061224,47000.0,1151669.30
0.04081632653061224,48000.0,1176172.90
0.04081632653061224,49000.0,1200676.50
0.04081632653061224,50000.0,1225180.10
0.04173469387755102,1000.0,23964.33
0.04173469387755102,2000.0,47928.65
0.04173469387755102,3000.0,71892.98
0.04173469387755102,4000.0,95857.30
0.04173469387755102,5000.0,119821.63
0.04173469387755102,6000.0,143785.95
0.04173469387755102,7000.0,167750.28
0.04173469387755102,8000.0,191714.60
0.04173469387755102,9000.0,215678.93
0.04173469387755102,10000.0,239643.25
0.04173469387755102,11000.0,263607.58
0.04173469387755102,12000.0,287571.91
0.04173469387755102,13000.0,311536.23
0.04173469387755102,14000.0,335500.56
0.04173469387755102,15000.0,359464.88
0.04173469387755102,16000.0,383429.21
0.04173469387755102,17000.0,407393.53
0.04173469387755102,18000.0,431357.86
0.04173469387755102,19000.0,455322.18
0.04173469387755102,20000.0,479286.51
0.04173469387755102,21000.0,503250.83
0.04173469387755102,22000.0,527215.16
0.04173469387755102,23000.0,551179.48
0.04173469387755102,24000.0,575143.81
0.04173469387755102,25000.0,599108.14
0.04173469387755102,26000.0,623072.46
0.04173469387755102,27000.0,647036.79
0.04173469387755102,28000.0,671001.11
0.04173469387755102,29000.0,694965.44
0.04173469387755102,30000.0,718929.76
0.04173469387755102,31000.0,742894.09
0.04173469387755102,32000.0,766858.41
0.04173469387755102,33000.0,790822.74
0.04173469387755102,34000.0,814787.06
0.04173469387755102,35000.0,838751.39
0.04173469387755102,36000.0,862715.72
0.04173469387755102,37000.0,886680.04
0.04173469387755102,38000.0,910644.37
0.04173469387755102,39000.0,934608.69
0.04173469387755102,40000.0,958573.02
0.04173469387755102,41000.0,982537.34
0.04173469387755102,42000.0,1006501.67
0.04173469387755102,43000.0,1030465.99
0.04173469387755102,44000.0,1054430.32
0.04173469387755102,45000.0,1078394.64
0.04173469387755102,46000.0,1102358.97
0.04173469387755102,47000.0,1126323.30
0.04173469387755102,48000.0,1150287.62
0.04173469387755102,49000.0,1174251.95
0.04173469387755102,50000.0,1198216.27
0.042653061224489794,1000.0,23448.27
0.042653061224489794,2000.0,46896.55
0.042653061224489794,3000.0,70344.82
0.042653061224489794,4000.0,93793.10
0.042653061224489794,5000.0,117241.37
0.042653061224489794,6000.0,140689.65
0.042653061224489794,7000.0,164137.92
0.042653061224489794,8000.0,187586.20
0.042653061224489794,9000.0,211034.47
0.042653061224489794,10000.0,234482.75
0.042653061224489794,11000.0,257931.02
0.042653061224489794,12000.0,281379.29
0.042653061224489794,13000.0,304827.57
0.042653061224489794,14000.0,328275.84
0.042653061224489794,15000.0,351724.12
0.042653061224489794,16000.0,375172.39
0.042653061224489794,17000.0,398620.67
0.042653061224489794,18000.0,422068.94
0.042653061224489794,19000.0,445517.22
0.042653061224489794,20000.0,468965.49
0.042653061224489794,21000.0,492413.77
0.042653061224489794,22000.0,515862.04
0.042653061224489794,23000.0,539310.31
0.042653061224489794,24000.0,562758.59
0.042653061224489794,25000.0,586206.86
0.042653061224489794,26000.0,609655.14
0.042653061224489794,27000.0,633103.41
0.042653061224489794,28000.0,656551.69
0.042653061224489794,29000.0,679999.96
0.042653061224489794,30000.0,703448.24
0.042653061224489794,31000.0,726896.51
0.042653061224489794,32000.0,750344.79
0.042653061224489794,33000.0,773793.06
0.042653061224489794,34000.0,797241.33
0.042653061224489794,35000.0,820689.61
0.042653061224489794,36000.0,844137.88
0.042653061224489794,37000.0,867586.16
0.042653061224489794,38000.0,891034.43
0.042653061224489794,39000.0,914482.71
0.042653061224489794,40000.0,937930.98
0.042653061224489794,41000.0,961379.26
0.042653061224489794,42000.0,984827.53
0.042653061224489794,43000.0,1008275.81
0.042653061224489794,44000.0,1031724.08
0.042653061224489794,45000.0,1055172.35
0.042653061224489794,46000.0,1078620.63
0.042653061224489794,47000.0,1102068.90
0.042653061224489794,48000.0,1125517.18
0.042653061224489794,49000.0,1148965.45
0.042653061224489794,50000.0,1172413.73
0.04357142857142857,1000.0,22953.98
0.04357142857142857,2000.0,45907.96
0.04357142857142857,3000.0,68861.94
0.04357142857142857,4000.0,91815.92
0.04357142857142857,5000.0,114769.90
0.04357142857142857,6000.0,137723.88
0.04357142857142857,7000.0,160677.86
0.04357142857142857,8000.0,183631.84
0.04357142857142857,9000.0,206585.82
0.04357142857142857,10000.0,229539.81
0.04357142857142857,11000.0,252493.79
0.04357142857142857,12000.0,275447.77
0.04357142857142857,13000.0,298401.75
0.04357142857142857,14000.0,321355.73
0.04357142857142857,15000.0,344309.71
0.04357142857142857,16000.0,367263.69
0.04357142857142857,17000.0,390217.67
0.04357142857142857,18000.0,413171.65
0.04357142857142857,19000.0,436125.63
0.04357142857142857,20000.0,459079.61
0.04357142857142857,21000.0,482033.59
0.04357142857142857,22000.0,504987.57
0.04357142857142857,23000.0,527941.55
0.04357142857142857,24000.0,550895.53
0.04357142857142857,25000.0,573849.51
0.04357142857142857,26000.0,596803.49
0.04357142857142857,27000.0,619757.47
0.04357142857142857,28000.0,642711.46
0.04357142857142857,29000.0,665665.44
0.04357142857142857,30000.0,688619.42
0.04357142857142857,31000.0,711573.40
0.04357142857142857,32000.0,734527.38
0.04357142857142857,33000.0,757481.36
0.04357142857142857,34000.0,780435.34
0.04357142857142857,35000.0,803389.32
0.04357142857142857,36000.0,826343.30
0.04357142857142857,37000.0,849297.28
0.04357142857142857,38000.0,872251.26
0.04357142857142857,39000.0,895205.24
0.04357142857142857,40000.0,918159.22
0.04357142857142857,41000.0,941113.20
0.04357142857142857,42000.0,964067.18
0.04357142857142857,43000.0,987021.16
0.04357142857142857,44000.0,1009975.14
0.04357142857142857,45000.0,1032929.12
0.04357142857142857,46000.0,1055883.11
0.04357142857142857,47000.0,1078837.09
0.04357142857142857,48000.0,1101791.07
0.04357142857142857,49000.0,1124745.05
0.04357142857142857,50000.0,1147699.03
0.044489795918367346,1000.0,22480.10
0.044489795918367346,2000.0,44960.19
0.044489795918367346,3000.0,67440.29
0.044489795918367346,4000.0,89920.38
0.044489795918367346,5000.0,112400.48
0.044489795918367346,6000.0,134880.58
0.044489795918367346,7000.0,157360.67
0.044489795918367346,8000.0,179840.77
0.044489795918367346,9000.0,202320.86
0.044489795918367346,10000.0,224800.96
0.044489795918367346,11000.0,247281.06
0.044489795918367346,12000.0,269761.15
0.044489795918367346,13000.0,292241.25
0.044489795918367346,14000.0,314721.34
0.044489795918367346,15000.0,337201.44
0.044489795918367346,16000.0,359681.54
0.044489795918367346,17000.0,382161.63
0.044489795918367346,18000.0,404641.73
0.044489795918367346,19000.0,427121.82
0.044489795918367346,20000.0,449601.92
0.044489795918367346,21000.0,472082.01
0.044489795918367346,22000.0,494562.11
0.044489795918367346,23000.0,517042.21
0.044489795918367346,24000.0,539522.30
0.044489795918367346,25000.0,562002.40
0.044489795918367346,26000.0,584482.49
0.044489795918367346,27000.0,606962.59
0.044489795918367346,28000.0,629442.69
0.044489795918367346,29000.0,651922.78
0.044489795918367346,30000.0,674402.88
0.044489795918367346,31000.0,696882.97
0.044489795918367346,32000.0,719363.07
0.044489795918367346,33000.0,741843.17
0.044489795918367346,34000.0,764323.26
0.044489795918367346,35000.0,786803.36
0.044489795918367346,36000.0,809283.45
0.044489795918367346,37000.0,831763.55
0.044489795918367346,38000.0,854243.65
0.044489795918367346,39000.0,876723.74
0.044489795918367346,40000.0,899203.84
0.044489795918367346,41000.0,921683.93
0.044489795918367346,42000.0,944164.03
0.044489795918367346,43000.0,966644.13
0.044489795918367346,44000.0,989124.22
0.044489795918367346,45000.0,1011604.32
0.044489795918367346,46000.0,1034084.41
0.044489795918367346,47000.0,1056564.51
0.044489795918367346,48000.0,1079044.61
0.044489795918367346,49000.0,1101524.70
0.044489795918367346,50000.0,1124004.80
0.045408163265306126,1000.0,22025.38
0.045408163265306126,2000.0,44050.76
0.045408163265306126,3000.0,66076.15
0.045408163265306126,4000.0,88101.53
0.045408163265306126,5000.0,110126.91
0.045408163265306126,6000.0,132152.29
0.045408163265306126,7000.0,154177.68
0.045408163265306126,8000.0,176203.06
0.045408163265306126,9000.0,198228.44
0.045408163265306126,10000.0,220253.82
0.045408163265306126,11000.0,242279.20
0.045408163265306126,12000.0,264304.59
0.045408163265306126,13000.0,286329.97
0.045408163265306126,14000.0,308355.35
0.045408163265306126,15000.0,330380.73
0.045408163265306126,16000.0,352406.12
0.045408163265306126,17000.0,374431.50
0.045408163265306126,18000.0,396456.88
0.045408163265306126,19000.0,418482.26
0.045408163265306126,20000.0,440507.64
0.045408163265306126,21000.0,462533.03
0.045408163265306126,22000.0,484558.41
0.045408163265306126,23000.0,506583.79
0.045408163265306126,24000.0,528609.17
0.045408163265306126,25000.0,550634.56
0.045408163265306126,26000.0,572659.94
0.045408163265306126,27000.0,594685.32
0.045408163265306126,28000.0,616710.70
0.045408163265306126,29000.0,638736.08
0.045408163265306126,30000.0,660761.47
0.045408163265306126,31000.0,682786.85
0.045408163265306126,32000.0,704812.23
0.045408163265306126,33000.0,726837.61
0.045408163265306126,34000.0,748863.00
0.045408163265306126,35000.0,770888.38
0.045408163265306126,36000.0,792913.76
0.045408163265306126,37000.0,814939.14
0.045408163265306126,38000.0,836964.52
0.045408163265306126,39000.0,858989.91
0.045408163265306126,40000.0,881015.29
0.045408163265306126,41000.0,903040.67
0.045408163265306126,42000.0,925066.05
0.045408163265306126,43000.0,947091.44
0.045408163265306126,44000.0,969116.82
0.045408163265306126,45000.0,991142.20
0.045408163265306126,46000.0,1013167.58
0.045408163265306126,47000.0,1035192.96
0.045408163265306126,48000.0,1057218.35
0.045408163265306126,49000.0,1079243.73
0.045408163265306126,50000.0,1101269.11
0.0463265306122449,1000.0,21588.70
0.0463265306122449,2000.0,43177.40
0.0463265306122449,3000.0,64766.10
0.0463265306122449,4000.0,86354.80
0.0463265306122449,5000.0,107943.50
0.0463265306122449,6000.0,129532.19
0.0463265306122449,7000.0,151120.89
0.0463265306122449,8000.0,172709.59
0.0463265306122449,9000.0,194298.29
0.0463265306122449,10000.0,215886.99
0.0463265306122449,11000.0,237475.69
0.0463265306122449,12000.0,259064.39
0.0463265306122449,13000.0,280653.09
0.0463265306122449,14000.0,302241.79
0.0463265306122449,15000.0,323830.49
0.0463265306122449,16000.0,345419.19
0.0463265306122449,17000.0,367007.89
0.0463265306122449,18000.0,388596.58
0.0463265306122449,19000.0,410185.28
0.0463265306122449,20000.0,431773.98
0.0463265306122449,21000.0,453362.68
0.0463265306122449,22000.0,474951.38
0.0463265306122449,23000.0,496540.08
0.0463265306122449,24000.0,518128.78
0.0463265306122449,25000.0,539717.48
0.0463265306122449,26000.0,561306.18
0.0463265306122449,27000.0,582894.88
0.0463265306122449,28000.0,604483.58
0.0463265306122449,29000.0,626072.28
0.0463265306122449,30000.0,647660.97
0.0463265306122449,31000.0,669249.67
0.0463265306122449,32000.0,690838.37
0.0463265306122449,33000.0,712427.07
0.0463265306122449,34000.0,734015.77
0.0463265306122449,35000.0,755604.47
0.0463265306122449,36000.0,777193.17
0.0463265306122449,37000.0,798781.87
0.0463265306122449,38000.0,820370.57
0.0463265306122449,39000.0,841959.27
0.0463265306122449,40000.0,863547.97
0.0463265306122449,41000.0,885136.67
0.0463265306122449,42000.0,906725.36
0.0463265306122449,43000.0,928314.06
0.0463265306122449,44000.0,949902.76
0.0463265306122449,45000.0,971491.46
0.0463265306122449,46000.0,993080.16
0.0463265306122449,47000.0,1014668.86
0.0463265306122449,48000.0,1036257.56
0.0463265306122449,49000.0,1057846.26
0.0463265306122449,50000.0,1079434.96
0.04724489795918367,1000.0,21169.00
0.04724489795918367,2000.0,42337.99
0.04724489795918367,3000.0,63506.99
0.04724489795918367,4000.0,84675.98
0.04724489795918367,5000.0,105844.98
0.04724489795918367,6000.0,127013.97
0.04724489795918367,7000.0,148182.97
0.04724489795918367,8000.0,169351.96
0.04724489795918367,9000.0,190520.96
0.04724489795918367,10000.0,211689.95
0.04724489795918367,11000.0,232858.95
0.04724489795918367,12000.0,254027.94
0.04724489795918367,13000.0,275196.94
0.04724489795918367,14000.0,296365.93
0.04724489795918367,15000.0,317534.93
0.04724489795918367,16000.0,338703.92
0.04724489795918367,17000.0,359872.92
0.04724489795918367,18000.0,381041.91
0.04724489795918367,19000.0,402210.91
0.04724489795918367,20000.0,423379.90
0.04724489795918367,21000.0,444548.90
0.04724489795918367,22000.0,465717.89
0.04724489795918367,23000.0,486886.89
0.04724489795918367,24000.0,508055.88
0.04724489795918367,25000.0,529224.88
0.04724489795918367,26000.0,550393.87
0.04724489795918367,27000.0,571562.87
0.04724489795918367,28000.0,592731.86
0.04724489795918367,29000.0,613900.86
0.04724489795918367,30000.0,635069.85
0.04724489795918367,31000.0,656238.85
0.04724489795918367,32000.0,677407.84
0.04724489795918367,33000.0,698576.84
0.04724489795918367,34000.0,719745.83
0.04724489795918367,35000.0,740914.83
0.04724489795918367,36000.0,762083.82
0.04724489795918367,37000.0,783252.82
0.04724489795918367,38000.0,804421.81
0.04724489795918367,39000.0,825590.81
0.04724489795918367,40000.0,846759.80
0.04724489795918367,41000.0,867928.80
0.04724489795918367,42000.0,889097.79
0.04724489795918367,43000.0,910266.79
0.04724489795918367,44000.0,931435.78
0.04724489795918367,45000.0,952604.78
0.04724489795918367,46000.0,973773.78
0.04724489795918367,47000.0,994942.77
0.04724489795918367,48000.0,1016111.77
0.04724489795918367,49000.0,1037280.76
0.04724489795918367,50000.0,1058449.76
0.04816326530612245,1000.0,20765.30
0.04816326530612245,2000.0,41530.60
0.04816326530612245,3000.0,62295.90
0.04816326530612245,4000.0,83061.19
0.04816326530612245,5000.0,103826.49
0.04816326530612245,6000.0,124591.79
0.04816326530612245,7000.0,145357.09
0.04816326530612245,8000.0,166122.39
0.04816326530612245,9000.0,186887.69
0.04816326530612245,10000.0,207652.99
0.04816326530612245,11000.0,228418.29
0.04816326530612245,12000.0,249183.58
0.04816326530612245,13000.0,269948.88
0.04816326530612245,14000.0,290714.18
0.04816326530612245,15000.0,311479.48
0.04816326530612245,16000.0,332244.78
0.04816326530612245,17000.0,353010.08
0.04816326530612245,18000.0,373775.38
0.04816326530612245,19000.0,394540.68
0.04816326530612245,20000.0,415305.97
0.04816326530612245,21000.0,436071.27
0.04816326530612245,22000.0,456836.57
0.04816326530612245,23000.0,477601.87
0.04816326530612245,24000.0,498367.17
0.04816326530612245,25000.0,519132.47
0.04816326530612245,26000.0,539897.77
0.04816326530612245,27000.0,560663.07
0.04816326530612245,28000.0,581428.36
0.04816326530612245,29000.0,602193.66
0.04816326530612245,30000.0,622958.96
0.04816326530612245,31000.0,643724.26
0.04816326530612245,32000.0,664489.56
0.04816326530612245,33000.0,685254.86
0.04816326530612245,34000.0,706020.16
0.04816326530612245,35000.0,726785.46
0.04816326530612245,36000.0,747550.75
0.04816326530612245,37000.0,768316.05
0.04816326530612245,38000.0,789081.35
0.04816326530612245,39000.0,809846.65
0.04816326530612245,40000.0,830611.95
0.04816326530612245,41000.0,851377.25
0.04816326530612245,42000.0,872142.55
0.04816326530612245,43000.0,892907.85
0.04816326530612245,44000.0,913673.14
0.04816326530612245,45000.0,934438.44
0.04816326530612245,46000.0,955203.74
0.04816326530612245,47000.0,975969.04
0.04816326530612245,48000.0,996734.34
0.04816326530612245,49000.0,1017499.64
0.04816326530612245,50000.0,1038264.94
0.04908163265306122,1000.0,20376.71
0.04908163265306122,2000.0,40753.42
0.04908163265306122,3000.0,61130.13
0.04908163265306122,4000.0,81506.85
0.04908163265306122,5000.0,101883.56
0.04908163265306122,6000.0,122260.27
0.04908163265306122,7000.0,142636.98
0.04908163265306122,8000.0,163013.69
0.04908163265306122,9000.0,183390.40
0.04908163265306122,10000.0,203767.11
0.04908163265306122,11000.0,224143.82
0.04908163265306122,12000.0,244520.54
0.04908163265306122,13000.0,264897.25
0.04908163265306122,14000.0,285273.96
0.04908163265306122,15000.0,305650.67
0.04908163265306122,16000.0,326027.38
0.04908163265306122,17000.0,346404.09
0.04908163265306122,18000.0,366780.80
0.04908163265306122,19000.0,387157.52
0.04908163265306122,20000.0,407534.23
0.04908163265306122,21000.0,427910.94
0.04908163265306122,22000.0,448287.65
0.04908163265306122,23000.0,468664.36
0.04908163265306122,24000.0,489041.07
0.04908163265306122,25000.0,509417.78
0.04908163265306122,26000.0,529794.49
0.04908163265306122,27000.0,550171.21
0.04908163265306122,28000.0,570547.92
0.04908163265306122,29000.0,590924.63
0.04908163265306122,30000.0,611301.34
0.04908163265306122,31000.0,631678.05
0.04908163265306122,32000.0,652054.76
0.04908163265306122,33000.0,672431.47
0.04908163265306122,34000.0,692808.19
0.04908163265306122,35000.0,713184.90
0.04908163265306122,36000.0,733561.61
0.04908163265306122,37000.0,753938.32
0.04908163265306122,38000.0,774315.03
0.04908163265306122,39000.0,794691.74
0.04908163265306122,40000.0,815068.45
0.04908163265306122,41000.0,835445.16
0.04908163265306122,42000.0,855821.88
0.04908163265306122,43000.0,876198.59
0.04908163265306122,44000.0,896575.30
0.04908163265306122,45000.0,916952.01
0.04908163265306122,46000.0,937328.72
0.04908163265306122,47000.0,957705.43
0.04908163265306122,48000.0,978082.14
0.04908163265306122,49000.0,998458.86
0.04908163265306122,50000.0,1018835.57
0.05,1000.0,20002.40
0.05,2000.0,40004.80
0.05,3000.0,60007.20
0.05,4000.0,80009.60
0.05,5000.0,100012.00
0.05,6000.0,120014.40
0.05,7000.0,140016.80
0.05,8000.0,160019.20
0.05,9000.0,180021.60
0.05,10000.0,200024.00
0.05,11000.0,220026.40
0.05,12000.0,240028.80
0.05,13000.0,260031.20
0.05,14000.0,280033.60
0.05,15000.0,300036.00
0.05,16000.0,320038.40
0.05,17000.0,340040.80
0.05,18000.0,360043.21
0.05,19000.0,380045.61
0.05,20000.0,400048.01
0.05,21000.0,420050.41
0.05,22000.0,440052.81
0.05,23000.0,460055.21
0.05,24000.0,480057.61
0.05,25000.0,500060.01
0.05,26000.0,520062.41
0.05,27000.0,540064.81
0.05,28000.0,560067.21
0.05,29000.0,580069.61
0.05,30000.0,600072.01
0.05,31000.0,620074.41
0.05,32000.0,640076.81
0.05,33000.0,660079.21
0.05,34000.0,680081.61
0.05,35000.0,700084.01
0.05,36000.0,720086.41
0.05,37000.0,740088.81
0.05,38000.0,760091.21
0.05,39000.0,780093.61
0.05,40000.0,800096.01
0.05,41000.0,820098.41
0.05,42000.0,840100.81
0.05,43000.0,860103.21
0.05,44000.0,880105.61
0.05,45000.0,900108.01
0.05,46000.0,920110.41
0.05,47000.0,940112.81
0.05,48000.0,960115.21
0.05,49000.0,980117.61
0.05,50000.0,1000120.01
